#
# There is insufficient memory for the Java Runtime Environment to continue.
# Native memory allocation (mmap) failed to map 10092544 bytes. Error detail: G1 virtual space
# Possible reasons:
#   The system is out of physical RAM or swap space
#   This process is running with CompressedOops enabled, and the Java Heap may be blocking the growth of the native heap
# Possible solutions:
#   Reduce memory load on the system
#   Increase physical memory or swap space
#   Check if swap backing store is full
#   Decrease Java heap size (-Xmx/-Xms)
#   Decrease number of Java threads
#   Decrease Java thread stack sizes (-Xss)
#   Set larger code cache with -XX:ReservedCodeCacheSize=
#   JVM is running with Zero Based Compressed Oops mode in which the Java heap is
#     placed in the first 32GB address space. The Java Heap base address is the
#     maximum limit for the native heap growth. Please use -XX:HeapBaseMinAddress
#     to set the Java Heap base and to place the Java Heap above 32GB virtual address.
# This output file may be truncated or incomplete.
#
#  Out of Memory Error (os_windows.cpp:3630), pid=11696, tid=4836
#
# JRE version: OpenJDK Runtime Environment Temurin-17.0.20.1+1 (17.0.20.1+1) (build 17.0.20.1+1)
# Java VM: OpenJDK 64-Bit Server VM Temurin-17.0.20.1+1 (17.0.20.1+1, mixed mode, sharing, tiered, compressed oops, compressed class ptrs, g1 gc, windows-amd64)
# No core dump will be written. Minidumps are not enabled by default on client versions of Windows
#

---------------  S U M M A R Y ------------

Command Line: -XX:MaxMetaspaceSize=2g -XX:+HeapDumpOnOutOfMemoryError --add-opens=java.base/java.util=ALL-UNNAMED --add-opens=java.base/java.lang=ALL-UNNAMED --add-opens=java.base/java.lang.invoke=ALL-UNNAMED --add-opens=java.prefs/java.util.prefs=ALL-UNNAMED --add-exports=jdk.compiler/com.sun.tools.javac.api=ALL-UNNAMED --add-exports=jdk.compiler/com.sun.tools.javac.util=ALL-UNNAMED --add-opens=java.base/java.nio.charset=ALL-UNNAMED --add-opens=java.base/java.net=ALL-UNNAMED --add-opens=java.base/java.util.concurrent.atomic=ALL-UNNAMED -Xmx4g -Dfile.encoding=windows-1253 -Duser.country=GR -Duser.language=el -Duser.variant -javaagent:C:\dev\maxima\.toolchain\gradle\gradle-8.10.2\lib\agents\gradle-instrumentation-agent-8.10.2.jar org.gradle.launcher.daemon.bootstrap.GradleDaemon 8.10.2

Host: 11th Gen Intel(R) Core(TM) i3-1115G4 @ 3.00GHz, 4 cores, 3G,  Windows 10 , 64 bit Build 19041 (10.0.19041.5915)
Time: Fri Oct  2 20:28:34 2026  Windows 10 , 64 bit Build 19041 (10.0.19041.5915) elapsed time: 368.402781 seconds (0d 0h 6m 8s)

---------------  T H R E A D  ---------------

Current thread (0x000001afa44b4af0):  VMThread "VM Thread" [stack: 0x0000000d20100000,0x0000000d20200000] [id=4836]

Stack: [0x0000000d20100000,0x0000000d20200000]
Native frames: (J=compiled Java code, j=interpreted, Vv=VM code, C=native code)
V  [jvm.dll+0x684d39]
V  [jvm.dll+0x83a565]
V  [jvm.dll+0x83bfde]
V  [jvm.dll+0x83c663]
V  [jvm.dll+0x2490cf]
V  [jvm.dll+0x681af9]
V  [jvm.dll+0x6768ba]
V  [jvm.dll+0x309467]
V  [jvm.dll+0x310a56]
V  [jvm.dll+0x360f53]
V  [jvm.dll+0x36117d]
V  [jvm.dll+0x2e04ec]
V  [jvm.dll+0x2de8c2]
V  [jvm.dll+0x2de05c]
V  [jvm.dll+0x320cab]
V  [jvm.dll+0x840e7d]
V  [jvm.dll+0x841bb3]
V  [jvm.dll+0x8420df]
V  [jvm.dll+0x8424c5]
V  [jvm.dll+0x84258e]
V  [jvm.dll+0x7eb17c]
V  [jvm.dll+0x683c07]
C  [ucrtbase.dll+0x21bb2]
C  [KERNEL32.DLL+0x17374]
C  [ntdll.dll+0x4cc91]

VM_Operation (0x0000000d253fb660): G1CollectForAllocation, mode: safepoint, requested by thread 0x000001affc92c570


---------------  P R O C E S S  ---------------

Threads class SMR info:
_java_thread_list=0x000001affcf80d30, length=89, elements={
0x000001afffeafd60, 0x000001afa44bac10, 0x000001afa44bbef0, 0x000001afa44d18a0,
0x000001afa44d2170, 0x000001afa44d4a50, 0x000001afa44d6f40, 0x000001afa44d7750,
0x000001afa44e1c90, 0x000001afa44e5ab0, 0x000001afa44a4f90, 0x000001afa490c5c0,
0x000001afeae7e120, 0x000001afeb1f10d0, 0x000001afeb379860, 0x000001afa495d780,
0x000001afa4960000, 0x000001afa495c850, 0x000001afa495cd60, 0x000001afa495e6b0,
0x000001afa495f5e0, 0x000001afa495ebc0, 0x000001afa495f0d0, 0x000001afa495dc90,
0x000001afa495faf0, 0x000001afa495d270, 0x000001afa495e1a0, 0x000001afecb01680,
0x000001afecafd9c0, 0x000001afecb01b90, 0x000001afecaffd30, 0x000001afecb025b0,
0x000001afecb020a0, 0x000001afecb034e0, 0x000001afecafcfa0, 0x000001afed63e8f0,
0x000001afecb039f0, 0x000001afed63ded0, 0x000001afed63c070, 0x000001afedb36a80,
0x000001affc4c8520, 0x000001affc4c7b00, 0x000001afee5f1ed0, 0x000001afee5f19c0,
0x000001afee5f3310, 0x000001afed63f310, 0x000001afed63f820, 0x000001affc4c9450,
0x000001affc4c8010, 0x000001afed63c580, 0x000001afed63cfa0, 0x000001afed63d4b0,
0x000001afee5f0580, 0x000001afee5f23e0, 0x000001affc4c70e0, 0x000001afecafee00,
0x000001afecaff310, 0x000001afecafc070, 0x000001afedca4580, 0x000001afedca4a90,
0x000001afef95dbb0, 0x000001afed8a0130, 0x000001afed8a0640, 0x000001affc4c8f40,
0x000001afef95d190, 0x000001afed8a0b50, 0x000001afee169ec0, 0x000001afee1694a0,
0x000001afef95bd50, 0x000001affc4c5ca0, 0x000001affc4c61b0, 0x000001afee2a4dd0,
0x000001afee2a48c0, 0x000001afee2a52e0, 0x000001afee2a57f0, 0x000001afee2a3ea0,
0x000001afee16a3d0, 0x000001affc92c570, 0x000001afef95eff0, 0x000001afed8a1a80,
0x000001afed863a80, 0x000001affccd7500, 0x000001affccd60c0, 0x000001affcfb18e0,
0x000001affccd5190, 0x000001affccd7a10, 0x000001affccd6ae0, 0x000001affccd56a0,
0x000001affccd5bb0
}

Java Threads: ( => current thread )
  0x000001afffeafd60 JavaThread "main" [_thread_blocked, id=2292, stack(0x0000000d1fb00000,0x0000000d1fc00000)]
  0x000001afa44bac10 JavaThread "Reference Handler" daemon [_thread_blocked, id=5628, stack(0x0000000d20200000,0x0000000d20300000)]
  0x000001afa44bbef0 JavaThread "Finalizer" daemon [_thread_blocked, id=10956, stack(0x0000000d20300000,0x0000000d20400000)]
  0x000001afa44d18a0 JavaThread "Signal Dispatcher" daemon [_thread_blocked, id=5652, stack(0x0000000d20400000,0x0000000d20500000)]
  0x000001afa44d2170 JavaThread "Attach Listener" daemon [_thread_blocked, id=12612, stack(0x0000000d20500000,0x0000000d20600000)]
  0x000001afa44d4a50 JavaThread "Service Thread" daemon [_thread_blocked, id=4748, stack(0x0000000d20600000,0x0000000d20700000)]
  0x000001afa44d6f40 JavaThread "Monitor Deflation Thread" daemon [_thread_blocked, id=1708, stack(0x0000000d20700000,0x0000000d20800000)]
  0x000001afa44d7750 JavaThread "C2 CompilerThread0" daemon [_thread_blocked, id=8068, stack(0x0000000d20800000,0x0000000d20900000)]
  0x000001afa44e1c90 JavaThread "C1 CompilerThread0" daemon [_thread_blocked, id=9024, stack(0x0000000d20900000,0x0000000d20a00000)]
  0x000001afa44e5ab0 JavaThread "Sweeper thread" daemon [_thread_blocked, id=13164, stack(0x0000000d20a00000,0x0000000d20b00000)]
  0x000001afa44a4f90 JavaThread "Common-Cleaner" daemon [_thread_blocked, id=6128, stack(0x0000000d20b00000,0x0000000d20c00000)]
  0x000001afa490c5c0 JavaThread "Notification Thread" daemon [_thread_blocked, id=6560, stack(0x0000000d20c00000,0x0000000d20d00000)]
  0x000001afeae7e120 JavaThread "Daemon health stats" [_thread_blocked, id=13404, stack(0x0000000d21100000,0x0000000d21200000)]
  0x000001afeb1f10d0 JavaThread "Incoming local TCP Connector on port 55546" [_thread_in_native, id=15972, stack(0x0000000d21200000,0x0000000d21300000)]
  0x000001afeb379860 JavaThread "Daemon periodic checks" [_thread_blocked, id=10308, stack(0x0000000d21300000,0x0000000d21400000)]
  0x000001afa495d780 JavaThread "Daemon" [_thread_blocked, id=10444, stack(0x0000000d21400000,0x0000000d21500000)]
  0x000001afa4960000 JavaThread "Handler for socket connection from /127.0.0.1:55546 to /127.0.0.1:55548" [_thread_in_native, id=6704, stack(0x0000000d21500000,0x0000000d21600000)]
  0x000001afa495c850 JavaThread "Cancel handler" [_thread_blocked, id=3900, stack(0x0000000d21600000,0x0000000d21700000)]
  0x000001afa495cd60 JavaThread "Daemon worker" [_thread_in_native, id=1140, stack(0x0000000d21700000,0x0000000d21800000)]
  0x000001afa495e6b0 JavaThread "Asynchronous log dispatcher for DefaultDaemonConnection: socket connection from /127.0.0.1:55546 to /127.0.0.1:55548" [_thread_blocked, id=2836, stack(0x0000000d21800000,0x0000000d21900000)]
  0x000001afa495f5e0 JavaThread "Stdin handler" [_thread_blocked, id=15136, stack(0x0000000d21900000,0x0000000d21a00000)]
  0x000001afa495ebc0 JavaThread "Daemon client event forwarder" [_thread_blocked, id=12828, stack(0x0000000d21a00000,0x0000000d21b00000)]
  0x000001afa495f0d0 JavaThread "Cache worker for journal cache (C:\Users\eveli\.gradle\caches\journal-1)" [_thread_blocked, id=14696, stack(0x0000000d21b00000,0x0000000d21c00000)]
  0x000001afa495dc90 JavaThread "File lock request listener" [_thread_in_native, id=11116, stack(0x0000000d21c00000,0x0000000d21d00000)]
  0x000001afa495faf0 JavaThread "Cache worker for file hash cache (C:\Users\eveli\.gradle\caches\8.10.2\fileHashes)" [_thread_blocked, id=12132, stack(0x0000000d21d00000,0x0000000d21e00000)]
  0x000001afa495d270 JavaThread "Cache worker for file hash cache (C:\dev\maxima\android\.gradle\8.10.2\fileHashes)" [_thread_blocked, id=9012, stack(0x0000000d21e00000,0x0000000d21f00000)]
  0x000001afa495e1a0 JavaThread "Cache worker for Build Output Cleanup Cache (C:\dev\maxima\android\.gradle\buildOutputCleanup)" [_thread_blocked, id=776, stack(0x0000000d21f00000,0x0000000d22000000)]
  0x000001afecb01680 JavaThread "File watcher server" daemon [_thread_in_native, id=2744, stack(0x0000000d22000000,0x0000000d22100000)]
  0x000001afecafd9c0 JavaThread "File watcher consumer" daemon [_thread_blocked, id=3356, stack(0x0000000d22100000,0x0000000d22200000)]
  0x000001afecb01b90 JavaThread "Cache worker for checksums cache (C:\dev\maxima\android\.gradle\8.10.2\checksums)" [_thread_blocked, id=13580, stack(0x0000000d22200000,0x0000000d22300000)]
  0x000001afecaffd30 JavaThread "Cache worker for file content cache (C:\Users\eveli\.gradle\caches\8.10.2\fileContent)" [_thread_blocked, id=6172, stack(0x0000000d22300000,0x0000000d22400000)]
  0x000001afecb025b0 JavaThread "Cache worker for cache directory md-rule (C:\Users\eveli\.gradle\caches\8.10.2\md-rule)" [_thread_blocked, id=11272, stack(0x0000000d22500000,0x0000000d22600000)]
  0x000001afecb020a0 JavaThread "Cache worker for cache directory md-supplier (C:\Users\eveli\.gradle\caches\8.10.2\md-supplier)" [_thread_blocked, id=5160, stack(0x0000000d22600000,0x0000000d22700000)]
  0x000001afecb034e0 JavaThread "jar transforms" [_thread_blocked, id=11268, stack(0x0000000d22700000,0x0000000d22800000)]
  0x000001afecafcfa0 JavaThread "Cache worker for Build Output Cleanup Cache (C:\dev\maxima\.toolchain\flutter-sdk\flutter\packages\flutter_tools\gradle\.gradle\buildOutputCleanup)" [_thread_blocked, id=10504, stack(0x0000000d22800000,0x0000000d22900000)]
  0x000001afed63e8f0 JavaThread "Kotlin DSL Writer" [_thread_blocked, id=17028, stack(0x0000000d1f900000,0x0000000d1fa00000)]
  0x000001afecb039f0 JavaThread "Unconstrained build operations" [_thread_blocked, id=17220, stack(0x0000000d22a00000,0x0000000d22b00000)]
  0x000001afed63ded0 JavaThread "Unconstrained build operations Thread 2" [_thread_blocked, id=13152, stack(0x0000000d22b00000,0x0000000d22c00000)]
  0x000001afed63c070 JavaThread "Unconstrained build operations Thread 3" [_thread_blocked, id=8932, stack(0x0000000d22c00000,0x0000000d22d00000)]
  0x000001afedb36a80 JavaThread "Unconstrained build operations Thread 4" [_thread_blocked, id=5096, stack(0x0000000d22d00000,0x0000000d22e00000)]
  0x000001affc4c8520 JavaThread "Unconstrained build operations Thread 5" [_thread_blocked, id=7604, stack(0x0000000d22e00000,0x0000000d22f00000)]
  0x000001affc4c7b00 JavaThread "Unconstrained build operations Thread 6" [_thread_blocked, id=11296, stack(0x0000000d22f00000,0x0000000d23000000)]
  0x000001afee5f1ed0 JavaThread "Unconstrained build operations Thread 7" [_thread_blocked, id=16552, stack(0x0000000d23000000,0x0000000d23100000)]
  0x000001afee5f19c0 JavaThread "Unconstrained build operations Thread 8" [_thread_blocked, id=12456, stack(0x0000000d23100000,0x0000000d23200000)]
  0x000001afee5f3310 JavaThread "Unconstrained build operations Thread 9" [_thread_blocked, id=16508, stack(0x0000000d23200000,0x0000000d23300000)]
  0x000001afed63f310 JavaThread "Unconstrained build operations Thread 10" [_thread_blocked, id=2772, stack(0x0000000d23300000,0x0000000d23400000)]
  0x000001afed63f820 JavaThread "Unconstrained build operations Thread 11" [_thread_blocked, id=5272, stack(0x0000000d23400000,0x0000000d23500000)]
  0x000001affc4c9450 JavaThread "Unconstrained build operations Thread 12" [_thread_blocked, id=6736, stack(0x0000000d23500000,0x0000000d23600000)]
  0x000001affc4c8010 JavaThread "Unconstrained build operations Thread 13" [_thread_blocked, id=304, stack(0x0000000d23600000,0x0000000d23700000)]
  0x000001afed63c580 JavaThread "Unconstrained build operations Thread 14" [_thread_blocked, id=2212, stack(0x0000000d23700000,0x0000000d23800000)]
  0x000001afed63cfa0 JavaThread "Unconstrained build operations Thread 15" [_thread_blocked, id=6408, stack(0x0000000d23800000,0x0000000d23900000)]
  0x000001afed63d4b0 JavaThread "Unconstrained build operations Thread 16" [_thread_blocked, id=8620, stack(0x0000000d23900000,0x0000000d23a00000)]
  0x000001afee5f0580 JavaThread "Unconstrained build operations Thread 17" [_thread_blocked, id=13796, stack(0x0000000d23a00000,0x0000000d23b00000)]
  0x000001afee5f23e0 JavaThread "Unconstrained build operations Thread 18" [_thread_blocked, id=14376, stack(0x0000000d23b00000,0x0000000d23c00000)]
  0x000001affc4c70e0 JavaThread "Unconstrained build operations Thread 19" [_thread_blocked, id=10860, stack(0x0000000d23c00000,0x0000000d23d00000)]
  0x000001afecafee00 JavaThread "Unconstrained build operations Thread 20" [_thread_blocked, id=6392, stack(0x0000000d23d00000,0x0000000d23e00000)]
  0x000001afecaff310 JavaThread "Unconstrained build operations Thread 21" [_thread_blocked, id=5396, stack(0x0000000d23e00000,0x0000000d23f00000)]
  0x000001afecafc070 JavaThread "Unconstrained build operations Thread 22" [_thread_blocked, id=10092, stack(0x0000000d23f00000,0x0000000d24000000)]
  0x000001afedca4580 JavaThread "Memory manager" [_thread_blocked, id=5316, stack(0x0000000d24000000,0x0000000d24100000)]
  0x000001afedca4a90 JavaThread "build event listener" [_thread_blocked, id=15028, stack(0x0000000d24100000,0x0000000d24200000)]
  0x000001afef95dbb0 JavaThread "included builds" [_thread_blocked, id=16792, stack(0x0000000d24200000,0x0000000d24300000)]
  0x000001afed8a0130 JavaThread "Execution worker" [_thread_blocked, id=14216, stack(0x0000000d24300000,0x0000000d24400000)]
  0x000001afed8a0640 JavaThread "Execution worker Thread 2" [_thread_blocked, id=3848, stack(0x0000000d24400000,0x0000000d24500000)]
  0x000001affc4c8f40 JavaThread "Execution worker Thread 3" [_thread_blocked, id=3888, stack(0x0000000d24500000,0x0000000d24600000)]
  0x000001afef95d190 JavaThread "Cache worker for execution history cache (C:\dev\maxima\.toolchain\flutter-sdk\flutter\packages\flutter_tools\gradle\.gradle\8.10.2\executionHistory)" [_thread_blocked, id=6684, stack(0x0000000d24600000,0x0000000d24700000)]
  0x000001afed8a0b50 JavaThread "Unconstrained build operations Thread 23" [_thread_blocked, id=6780, stack(0x0000000d24700000,0x0000000d24800000)]
  0x000001afee169ec0 JavaThread "Unconstrained build operations Thread 24" [_thread_blocked, id=9036, stack(0x0000000d24800000,0x0000000d24900000)]
  0x000001afee1694a0 JavaThread "Unconstrained build operations Thread 25" [_thread_blocked, id=2748, stack(0x0000000d24900000,0x0000000d24a00000)]
  0x000001afef95bd50 JavaThread "Unconstrained build operations Thread 26" [_thread_blocked, id=14576, stack(0x0000000d24a00000,0x0000000d24b00000)]
  0x000001affc4c5ca0 JavaThread "Unconstrained build operations Thread 27" [_thread_blocked, id=14828, stack(0x0000000d24b00000,0x0000000d24c00000)]
  0x000001affc4c61b0 JavaThread "Unconstrained build operations Thread 28" [_thread_blocked, id=12652, stack(0x0000000d24c00000,0x0000000d24d00000)]
  0x000001afee2a4dd0 JavaThread "Unconstrained build operations Thread 29" [_thread_blocked, id=11108, stack(0x0000000d24d00000,0x0000000d24e00000)]
  0x000001afee2a48c0 JavaThread "Unconstrained build operations Thread 30" [_thread_blocked, id=16544, stack(0x0000000d24e00000,0x0000000d24f00000)]
  0x000001afee2a52e0 JavaThread "Unconstrained build operations Thread 31" [_thread_blocked, id=13960, stack(0x0000000d24f00000,0x0000000d25000000)]
  0x000001afee2a57f0 JavaThread "Unconstrained build operations Thread 32" [_thread_blocked, id=6440, stack(0x0000000d25000000,0x0000000d25100000)]
  0x000001afee2a3ea0 JavaThread "Unconstrained build operations Thread 33" [_thread_blocked, id=9716, stack(0x0000000d25100000,0x0000000d25200000)]
  0x000001afee16a3d0 JavaThread "Unconstrained build operations Thread 34" [_thread_blocked, id=16716, stack(0x0000000d25200000,0x0000000d25300000)]
  0x000001affc92c570 JavaThread "Unconstrained build operations Thread 35" [_thread_blocked, id=8844, stack(0x0000000d25300000,0x0000000d25400000)]
  0x000001afef95eff0 JavaThread "Unconstrained build operations Thread 36" [_thread_blocked, id=5456, stack(0x0000000d25400000,0x0000000d25500000)]
  0x000001afed8a1a80 JavaThread "Unconstrained build operations Thread 37" [_thread_blocked, id=8236, stack(0x0000000d25500000,0x0000000d25600000)]
  0x000001afed863a80 JavaThread "Unconstrained build operations Thread 38" [_thread_blocked, id=12928, stack(0x0000000d25600000,0x0000000d25700000)]
  0x000001affccd7500 JavaThread "Unconstrained build operations Thread 39" [_thread_blocked, id=11048, stack(0x0000000d25700000,0x0000000d25800000)]
  0x000001affccd60c0 JavaThread "Unconstrained build operations Thread 40" [_thread_blocked, id=1400, stack(0x0000000d25800000,0x0000000d25900000)]
  0x000001affcfb18e0 JavaThread "WorkerExecutor Queue" [_thread_blocked, id=11964, stack(0x0000000d1f800000,0x0000000d1f900000)]
  0x000001affccd5190 JavaThread "RMI Scheduler(0)" daemon [_thread_blocked, id=15120, stack(0x0000000d25900000,0x0000000d25a00000)]
  0x000001affccd7a10 JavaThread "RMI RenewClean-[127.0.0.1:17195,org.jetbrains.kotlin.daemon.common.LoopbackNetworkInterface$ClientLoopbackSocketFactory@13006226]" daemon [_thread_blocked, id=3896, stack(0x0000000d25a00000,0x0000000d25b00000)]
  0x000001affccd6ae0 JavaThread "RMI GC Daemon" daemon [_thread_blocked, id=12868, stack(0x0000000d25b00000,0x0000000d25c00000)]
  0x000001affccd56a0 JavaThread "RMI TCP Accept-0" daemon [_thread_in_native, id=15336, stack(0x0000000d25c00000,0x0000000d25d00000)]
  0x000001affccd5bb0 JavaThread "RMI Reaper" [_thread_blocked, id=7608, stack(0x0000000d25d00000,0x0000000d25e00000)]

Other Threads:
=>0x000001afa44b4af0 VMThread "VM Thread" [stack: 0x0000000d20100000,0x0000000d20200000] [id=4836]
  0x000001afa489d1e0 WatcherThread [stack: 0x0000000d20d00000,0x0000000d20e00000] [id=12272]
  0x000001affff1dce0 GCTaskThread "GC Thread#0" [stack: 0x0000000d1fc00000,0x0000000d1fd00000] [id=10116]
  0x000001afea1be2b0 GCTaskThread "GC Thread#1" [stack: 0x0000000d20e00000,0x0000000d20f00000] [id=10760]
  0x000001afea1be980 GCTaskThread "GC Thread#2" [stack: 0x0000000d20f00000,0x0000000d21000000] [id=1340]
  0x000001afeafa8ca0 GCTaskThread "GC Thread#3" [stack: 0x0000000d21000000,0x0000000d21100000] [id=17356]
  0x000001affff2e9e0 ConcurrentGCThread "G1 Main Marker" [stack: 0x0000000d1fd00000,0x0000000d1fe00000] [id=15076]
  0x000001affff2f1b0 ConcurrentGCThread "G1 Conc#0" [stack: 0x0000000d1fe00000,0x0000000d1ff00000] [id=8564]
  0x000001affff6e470 ConcurrentGCThread "G1 Refine#0" [stack: 0x0000000d1ff00000,0x0000000d20000000] [id=13768]
  0x000001afec345490 ConcurrentGCThread "G1 Refine#1" [stack: 0x0000000d22400000,0x0000000d22500000] [id=17244]
  0x000001afef63c0e0 ConcurrentGCThread "G1 Refine#2" [stack: 0x0000000d22900000,0x0000000d22a00000] [id=4412]
  0x000001affff6ec50 ConcurrentGCThread "G1 Service" [stack: 0x0000000d20000000,0x0000000d20100000] [id=12076]

Threads with active compile tasks:
C1 CompilerThread0  368455 27168       3       org.gradle.api.internal.artifacts.transform.DefaultTransformInvocationFactory::createInvocation (273 bytes)

VM state: at safepoint (normal execution)

VM Mutex/Monitor currently owned by a thread:  ([mutex/lock_event])
[0x000001afffeabc80] Threads_lock - owner thread: 0x000001afa44b4af0
[0x000001afffeaa960] Heap_lock - owner thread: 0x000001affc92c570

Heap address: 0x0000000700000000, size: 4096 MB, Compressed Oops mode: Zero based, Oop shift amount: 3

CDS archive(s) mapped at: [0x000001afa5000000-0x000001afa5bb0000-0x000001afa5bb0000), size 12255232, SharedBaseAddress: 0x000001afa5000000, ArchiveRelocationMode: 1.
Compressed class space mapped at: 0x000001afa6000000-0x000001afe6000000, reserved size: 1073741824
Narrow klass base: 0x000001afa5000000, Narrow klass shift: 0, Narrow klass range: 0x100000000

GC Precious Log:
 CPUs: 4 total, 4 available
 Memory: 3818M
 Large Page Support: Disabled
 NUMA Support: Disabled
 Compressed Oops: Enabled (Zero based)
 Heap Region Size: 2M
 Heap Min Capacity: 8M
 Heap Initial Capacity: 60M
 Heap Max Capacity: 4G
 Pre-touch: Disabled
 Parallel Workers: 4
 Concurrent Workers: 1
 Concurrent Refinement Workers: 4
 Periodic GC: Disabled

Heap:
 garbage-first heap   total 1040384K, used 236945K [0x0000000700000000, 0x0000000800000000)
  region size 2048K, 2 young (4096K), 2 survivors (4096K)
 Metaspace       used 158965K, committed 159808K, reserved 1245184K
  class space    used 19884K, committed 20288K, reserved 1048576K

Heap Regions: E=young(eden), S=young(survivor), O=old, HS=humongous(starts), HC=humongous(continues), CS=collection set, F=free, OA=open archive, CA=closed archive, TAMS=top-at-mark-start (previous, next)
|   0|0x0000000700000000, 0x0000000700200000, 0x0000000700200000|100%|HS|  |TAMS 0x0000000700200000, 0x0000000700000000| Complete 
|   1|0x0000000700200000, 0x0000000700400000, 0x0000000700400000|100%|HC|  |TAMS 0x0000000700400000, 0x0000000700200000| Complete 
|   2|0x0000000700400000, 0x0000000700600000, 0x0000000700600000|100%| O|  |TAMS 0x0000000700600000, 0x0000000700400000| Untracked 
|   3|0x0000000700600000, 0x0000000700800000, 0x0000000700800000|100%| O|  |TAMS 0x0000000700800000, 0x0000000700600000| Untracked 
|   4|0x0000000700800000, 0x0000000700a00000, 0x0000000700a00000|100%| O|  |TAMS 0x0000000700a00000, 0x0000000700800000| Untracked 
|   5|0x0000000700a00000, 0x0000000700c00000, 0x0000000700c00000|100%| O|  |TAMS 0x0000000700c00000, 0x0000000700a00000| Untracked 
|   6|0x0000000700c00000, 0x0000000700e00000, 0x0000000700e00000|100%| O|  |TAMS 0x0000000700e00000, 0x0000000700c00000| Untracked 
|   7|0x0000000700e00000, 0x0000000701000000, 0x0000000701000000|100%| O|  |TAMS 0x0000000701000000, 0x0000000700e00000| Untracked 
|   8|0x0000000701000000, 0x0000000701200000, 0x0000000701200000|100%| O|  |TAMS 0x0000000701200000, 0x0000000701000000| Untracked 
|   9|0x0000000701200000, 0x0000000701400000, 0x0000000701400000|100%| O|  |TAMS 0x0000000701400000, 0x0000000701200000| Untracked 
|  10|0x0000000701400000, 0x0000000701600000, 0x0000000701600000|100%| O|  |TAMS 0x0000000701600000, 0x0000000701400000| Untracked 
|  11|0x0000000701600000, 0x0000000701800000, 0x0000000701800000|100%| O|  |TAMS 0x0000000701800000, 0x0000000701600000| Untracked 
|  12|0x0000000701800000, 0x0000000701a00000, 0x0000000701a00000|100%| O|  |TAMS 0x0000000701a00000, 0x0000000701800000| Untracked 
|  13|0x0000000701a00000, 0x0000000701c00000, 0x0000000701c00000|100%| O|  |TAMS 0x0000000701c00000, 0x0000000701a00000| Untracked 
|  14|0x0000000701c00000, 0x0000000701e00000, 0x0000000701e00000|100%| O|  |TAMS 0x0000000701e00000, 0x0000000701c00000| Untracked 
|  15|0x0000000701e00000, 0x0000000702000000, 0x0000000702000000|100%| O|  |TAMS 0x0000000702000000, 0x0000000701e00000| Untracked 
|  16|0x0000000702000000, 0x0000000702200000, 0x0000000702200000|100%| O|  |TAMS 0x0000000702200000, 0x0000000702000000| Untracked 
|  17|0x0000000702200000, 0x0000000702400000, 0x0000000702400000|100%| O|  |TAMS 0x0000000702400000, 0x0000000702200000| Untracked 
|  18|0x0000000702400000, 0x0000000702600000, 0x0000000702600000|100%| O|  |TAMS 0x0000000702600000, 0x0000000702400000| Untracked 
|  19|0x0000000702600000, 0x0000000702800000, 0x0000000702800000|100%| O|  |TAMS 0x0000000702600000, 0x0000000702600000| Untracked 
|  20|0x0000000702800000, 0x0000000702a00000, 0x0000000702a00000|100%| O|  |TAMS 0x0000000702a00000, 0x0000000702800000| Untracked 
|  21|0x0000000702a00000, 0x0000000702c00000, 0x0000000702c00000|100%| O|  |TAMS 0x0000000702c00000, 0x0000000702a00000| Untracked 
|  22|0x0000000702c00000, 0x0000000702e00000, 0x0000000702e00000|100%| O|  |TAMS 0x0000000702e00000, 0x0000000702c00000| Untracked 
|  23|0x0000000702e00000, 0x0000000703000000, 0x0000000703000000|100%| O|  |TAMS 0x0000000702e00000, 0x0000000702e00000| Untracked 
|  24|0x0000000703000000, 0x0000000703200000, 0x0000000703200000|100%| O|  |TAMS 0x0000000703000000, 0x0000000703000000| Untracked 
|  25|0x0000000703200000, 0x0000000703400000, 0x0000000703400000|100%| O|  |TAMS 0x0000000703200000, 0x0000000703200000| Untracked 
|  26|0x0000000703400000, 0x0000000703600000, 0x0000000703600000|100%| O|  |TAMS 0x0000000703600000, 0x0000000703400000| Untracked 
|  27|0x0000000703600000, 0x0000000703800000, 0x0000000703800000|100%| O|  |TAMS 0x0000000703800000, 0x0000000703600000| Untracked 
|  28|0x0000000703800000, 0x0000000703a00000, 0x0000000703a00000|100%| O|  |TAMS 0x0000000703a00000, 0x0000000703800000| Untracked 
|  29|0x0000000703a00000, 0x0000000703c00000, 0x0000000703c00000|100%| O|  |TAMS 0x0000000703c00000, 0x0000000703a00000| Untracked 
|  30|0x0000000703c00000, 0x0000000703e00000, 0x0000000703e00000|100%| O|  |TAMS 0x0000000703e00000, 0x0000000703c00000| Untracked 
|  31|0x0000000703e00000, 0x0000000704000000, 0x0000000704000000|100%| O|  |TAMS 0x0000000703e00000, 0x0000000703e00000| Untracked 
|  32|0x0000000704000000, 0x0000000704200000, 0x0000000704200000|100%|HS|  |TAMS 0x0000000704000000, 0x0000000704000000| Complete 
|  33|0x0000000704200000, 0x0000000704400000, 0x0000000704400000|100%|HC|  |TAMS 0x0000000704200000, 0x0000000704200000| Complete 
|  34|0x0000000704400000, 0x0000000704600000, 0x0000000704600000|100%| O|  |TAMS 0x0000000704400000, 0x0000000704400000| Untracked 
|  35|0x0000000704600000, 0x0000000704800000, 0x0000000704800000|100%| O|  |TAMS 0x0000000704800000, 0x0000000704600000| Untracked 
|  36|0x0000000704800000, 0x0000000704a00000, 0x0000000704a00000|100%| O|  |TAMS 0x0000000704a00000, 0x0000000704800000| Untracked 
|  37|0x0000000704a00000, 0x0000000704c00000, 0x0000000704c00000|100%| O|  |TAMS 0x0000000704c00000, 0x0000000704a00000| Untracked 
|  38|0x0000000704c00000, 0x0000000704e00000, 0x0000000704e00000|100%| O|  |TAMS 0x0000000704c00000, 0x0000000704c00000| Untracked 
|  39|0x0000000704e00000, 0x0000000705000000, 0x0000000705000000|100%| O|  |TAMS 0x0000000704e00000, 0x0000000704e00000| Untracked 
|  40|0x0000000705000000, 0x0000000705200000, 0x0000000705200000|100%| O|  |TAMS 0x0000000705000000, 0x0000000705000000| Untracked 
|  41|0x0000000705200000, 0x0000000705400000, 0x0000000705400000|100%| O|  |TAMS 0x0000000705200000, 0x0000000705200000| Untracked 
|  42|0x0000000705400000, 0x0000000705600000, 0x0000000705600000|100%| O|  |TAMS 0x0000000705400000, 0x0000000705400000| Untracked 
|  43|0x0000000705600000, 0x0000000705800000, 0x0000000705800000|100%| O|  |TAMS 0x0000000705600000, 0x0000000705600000| Untracked 
|  44|0x0000000705800000, 0x0000000705a00000, 0x0000000705a00000|100%| O|  |TAMS 0x0000000705800000, 0x0000000705800000| Untracked 
|  45|0x0000000705a00000, 0x0000000705c00000, 0x0000000705c00000|100%| O|  |TAMS 0x0000000705a00000, 0x0000000705a00000| Untracked 
|  46|0x0000000705c00000, 0x0000000705e00000, 0x0000000705e00000|100%| O|  |TAMS 0x0000000705c00000, 0x0000000705c00000| Untracked 
|  47|0x0000000705e00000, 0x0000000705eea800, 0x0000000706000000| 45%| O|  |TAMS 0x0000000705eea800, 0x0000000705e00000| Untracked 
|  48|0x0000000706000000, 0x0000000706200000, 0x0000000706200000|100%| O|  |TAMS 0x0000000706000000, 0x0000000706000000| Untracked 
|  49|0x0000000706200000, 0x0000000706400000, 0x0000000706400000|100%| O|  |TAMS 0x0000000706200000, 0x0000000706200000| Untracked 
|  50|0x0000000706400000, 0x0000000706600000, 0x0000000706600000|100%|HS|  |TAMS 0x0000000706400000, 0x0000000706400000| Complete 
|  51|0x0000000706600000, 0x0000000706800000, 0x0000000706800000|100%| O|  |TAMS 0x0000000706600000, 0x0000000706600000| Untracked 
|  52|0x0000000706800000, 0x0000000706a00000, 0x0000000706a00000|100%| O|  |TAMS 0x0000000706800000, 0x0000000706800000| Untracked 
|  53|0x0000000706a00000, 0x0000000706c00000, 0x0000000706c00000|100%| O|  |TAMS 0x0000000706a00000, 0x0000000706a00000| Untracked 
|  54|0x0000000706c00000, 0x0000000706e00000, 0x0000000706e00000|100%| O|  |TAMS 0x0000000706c00000, 0x0000000706c00000| Untracked 
|  55|0x0000000706e00000, 0x0000000707000000, 0x0000000707000000|100%|HS|  |TAMS 0x0000000706e00000, 0x0000000706e00000| Complete 
|  56|0x0000000707000000, 0x0000000707200000, 0x0000000707200000|100%| O|  |TAMS 0x0000000707000000, 0x0000000707000000| Untracked 
|  57|0x0000000707200000, 0x0000000707400000, 0x0000000707400000|100%| O|  |TAMS 0x0000000707200000, 0x0000000707200000| Untracked 
|  58|0x0000000707400000, 0x0000000707600000, 0x0000000707600000|100%| O|  |TAMS 0x0000000707400000, 0x0000000707400000| Untracked 
|  59|0x0000000707600000, 0x0000000707800000, 0x0000000707800000|100%| O|  |TAMS 0x0000000707600000, 0x0000000707600000| Untracked 
|  60|0x0000000707800000, 0x0000000707a00000, 0x0000000707a00000|100%| O|  |TAMS 0x0000000707800000, 0x0000000707800000| Untracked 
|  61|0x0000000707a00000, 0x0000000707c00000, 0x0000000707c00000|100%| O|  |TAMS 0x0000000707a00000, 0x0000000707a00000| Untracked 
|  62|0x0000000707c00000, 0x0000000707e00000, 0x0000000707e00000|100%| O|  |TAMS 0x0000000707c00000, 0x0000000707c00000| Untracked 
|  63|0x0000000707e00000, 0x0000000708000000, 0x0000000708000000|100%| O|  |TAMS 0x0000000707e00000, 0x0000000707e00000| Untracked 
|  64|0x0000000708000000, 0x0000000708200000, 0x0000000708200000|100%| O|  |TAMS 0x0000000708000000, 0x0000000708000000| Untracked 
|  65|0x0000000708200000, 0x0000000708400000, 0x0000000708400000|100%| O|  |TAMS 0x0000000708200000, 0x0000000708200000| Untracked 
|  66|0x0000000708400000, 0x0000000708600000, 0x0000000708600000|100%| O|  |TAMS 0x0000000708400000, 0x0000000708400000| Untracked 
|  67|0x0000000708600000, 0x0000000708800000, 0x0000000708800000|100%| O|  |TAMS 0x0000000708600000, 0x0000000708600000| Untracked 
|  68|0x0000000708800000, 0x0000000708a00000, 0x0000000708a00000|100%| O|  |TAMS 0x0000000708800000, 0x0000000708800000| Untracked 
|  69|0x0000000708a00000, 0x0000000708c00000, 0x0000000708c00000|100%| O|  |TAMS 0x0000000708a00000, 0x0000000708a00000| Untracked 
|  70|0x0000000708c00000, 0x0000000708e00000, 0x0000000708e00000|100%| O|  |TAMS 0x0000000708c00000, 0x0000000708c00000| Untracked 
|  71|0x0000000708e00000, 0x0000000709000000, 0x0000000709000000|100%| O|  |TAMS 0x0000000708e00000, 0x0000000708e00000| Untracked 
|  72|0x0000000709000000, 0x0000000709200000, 0x0000000709200000|100%| O|  |TAMS 0x0000000709000000, 0x0000000709000000| Untracked 
|  73|0x0000000709200000, 0x0000000709400000, 0x0000000709400000|100%| O|  |TAMS 0x0000000709200000, 0x0000000709200000| Untracked 
|  74|0x0000000709400000, 0x0000000709600000, 0x0000000709600000|100%| O|  |TAMS 0x0000000709400000, 0x0000000709400000| Untracked 
|  75|0x0000000709600000, 0x0000000709800000, 0x0000000709800000|100%| O|  |TAMS 0x0000000709600000, 0x0000000709600000| Untracked 
|  76|0x0000000709800000, 0x0000000709a00000, 0x0000000709a00000|100%| O|  |TAMS 0x0000000709800000, 0x0000000709800000| Untracked 
|  77|0x0000000709a00000, 0x0000000709c00000, 0x0000000709c00000|100%| O|  |TAMS 0x0000000709a00000, 0x0000000709a00000| Untracked 
|  78|0x0000000709c00000, 0x0000000709e00000, 0x0000000709e00000|100%| O|  |TAMS 0x0000000709c00000, 0x0000000709c00000| Untracked 
|  79|0x0000000709e00000, 0x000000070a000000, 0x000000070a000000|100%| O|  |TAMS 0x0000000709e00000, 0x0000000709e00000| Untracked 
|  80|0x000000070a000000, 0x000000070a200000, 0x000000070a200000|100%| O|  |TAMS 0x000000070a000000, 0x000000070a000000| Untracked 
|  81|0x000000070a200000, 0x000000070a400000, 0x000000070a400000|100%| O|  |TAMS 0x000000070a200000, 0x000000070a200000| Untracked 
|  82|0x000000070a400000, 0x000000070a600000, 0x000000070a600000|100%| O|  |TAMS 0x000000070a400000, 0x000000070a400000| Untracked 
|  83|0x000000070a600000, 0x000000070a800000, 0x000000070a800000|100%| O|  |TAMS 0x000000070a600000, 0x000000070a600000| Untracked 
|  84|0x000000070a800000, 0x000000070aa00000, 0x000000070aa00000|100%| O|  |TAMS 0x000000070a800000, 0x000000070a800000| Untracked 
|  85|0x000000070aa00000, 0x000000070ac00000, 0x000000070ac00000|100%| O|  |TAMS 0x000000070aa00000, 0x000000070aa00000| Untracked 
|  86|0x000000070ac00000, 0x000000070ae00000, 0x000000070ae00000|100%| O|  |TAMS 0x000000070ac00000, 0x000000070ac00000| Untracked 
|  87|0x000000070ae00000, 0x000000070b000000, 0x000000070b000000|100%| O|  |TAMS 0x000000070ae00000, 0x000000070ae00000| Untracked 
|  88|0x000000070b000000, 0x000000070b200000, 0x000000070b200000|100%| O|  |TAMS 0x000000070b000000, 0x000000070b000000| Untracked 
|  89|0x000000070b200000, 0x000000070b400000, 0x000000070b400000|100%| O|  |TAMS 0x000000070b200000, 0x000000070b200000| Untracked 
|  90|0x000000070b400000, 0x000000070b600000, 0x000000070b600000|100%| O|  |TAMS 0x000000070b400000, 0x000000070b400000| Untracked 
|  91|0x000000070b600000, 0x000000070b800000, 0x000000070b800000|100%| O|  |TAMS 0x000000070b600000, 0x000000070b600000| Untracked 
|  92|0x000000070b800000, 0x000000070ba00000, 0x000000070ba00000|100%| O|  |TAMS 0x000000070b800000, 0x000000070b800000| Untracked 
|  93|0x000000070ba00000, 0x000000070bc00000, 0x000000070bc00000|100%| O|  |TAMS 0x000000070ba00000, 0x000000070ba00000| Untracked 
|  94|0x000000070bc00000, 0x000000070be00000, 0x000000070be00000|100%| O|  |TAMS 0x000000070bc00000, 0x000000070bc00000| Untracked 
|  95|0x000000070be00000, 0x000000070c000000, 0x000000070c000000|100%| O|  |TAMS 0x000000070be00000, 0x000000070be00000| Untracked 
|  96|0x000000070c000000, 0x000000070c200000, 0x000000070c200000|100%| O|  |TAMS 0x000000070c000000, 0x000000070c000000| Untracked 
|  97|0x000000070c200000, 0x000000070c400000, 0x000000070c400000|100%| O|  |TAMS 0x000000070c200000, 0x000000070c200000| Untracked 
|  98|0x000000070c400000, 0x000000070c600000, 0x000000070c600000|100%| O|  |TAMS 0x000000070c400000, 0x000000070c400000| Untracked 
|  99|0x000000070c600000, 0x000000070c800000, 0x000000070c800000|100%| O|  |TAMS 0x000000070c600000, 0x000000070c600000| Untracked 
| 100|0x000000070c800000, 0x000000070ca00000, 0x000000070ca00000|100%|HS|  |TAMS 0x000000070c800000, 0x000000070c800000| Complete 
| 101|0x000000070ca00000, 0x000000070cc00000, 0x000000070cc00000|100%| O|  |TAMS 0x000000070ca00000, 0x000000070ca00000| Untracked 
| 102|0x000000070cc00000, 0x000000070ce00000, 0x000000070ce00000|100%| O|  |TAMS 0x000000070cc00000, 0x000000070cc00000| Untracked 
| 103|0x000000070ce00000, 0x000000070d000000, 0x000000070d000000|100%| O|  |TAMS 0x000000070ce00000, 0x000000070ce00000| Untracked 
| 104|0x000000070d000000, 0x000000070d200000, 0x000000070d200000|100%| O|  |TAMS 0x000000070d000000, 0x000000070d000000| Untracked 
| 105|0x000000070d200000, 0x000000070d400000, 0x000000070d400000|100%| O|  |TAMS 0x000000070d200000, 0x000000070d200000| Untracked 
| 106|0x000000070d400000, 0x000000070d600000, 0x000000070d600000|100%| O|  |TAMS 0x000000070d400000, 0x000000070d400000| Untracked 
| 107|0x000000070d600000, 0x000000070d800000, 0x000000070d800000|100%| O|  |TAMS 0x000000070d600000, 0x000000070d600000| Untracked 
| 108|0x000000070d800000, 0x000000070da00000, 0x000000070da00000|100%| O|  |TAMS 0x000000070d800000, 0x000000070d800000| Untracked 
| 109|0x000000070da00000, 0x000000070dc00000, 0x000000070dc00000|100%| O|  |TAMS 0x000000070da00000, 0x000000070da00000| Untracked 
| 110|0x000000070dc00000, 0x000000070de00000, 0x000000070de00000|100%| O|  |TAMS 0x000000070dc00000, 0x000000070dc00000| Untracked 
| 111|0x000000070de00000, 0x000000070e000000, 0x000000070e000000|100%| O|  |TAMS 0x000000070de00000, 0x000000070de00000| Untracked 
| 112|0x000000070e000000, 0x000000070e200000, 0x000000070e200000|100%| O|  |TAMS 0x000000070e000000, 0x000000070e000000| Untracked 
| 113|0x000000070e200000, 0x000000070e400000, 0x000000070e400000|100%| O|  |TAMS 0x000000070e200000, 0x000000070e200000| Untracked 
| 114|0x000000070e400000, 0x000000070e4cac00, 0x000000070e600000| 39%| O|  |TAMS 0x000000070e400000, 0x000000070e400000| Untracked 
| 115|0x000000070e600000, 0x000000070e600000, 0x000000070e800000|  0%| F|  |TAMS 0x000000070e600000, 0x000000070e600000| Untracked 
| 116|0x000000070e800000, 0x000000070e800000, 0x000000070ea00000|  0%| F|  |TAMS 0x000000070e800000, 0x000000070e800000| Untracked 
| 117|0x000000070ea00000, 0x000000070ea00000, 0x000000070ec00000|  0%| F|  |TAMS 0x000000070ea00000, 0x000000070ea00000| Untracked 
| 118|0x000000070ec00000, 0x000000070ec00000, 0x000000070ee00000|  0%| F|  |TAMS 0x000000070ec00000, 0x000000070ec00000| Untracked 
| 119|0x000000070ee00000, 0x000000070ee00000, 0x000000070f000000|  0%| F|  |TAMS 0x000000070ee00000, 0x000000070ee00000| Untracked 
| 120|0x000000070f000000, 0x000000070f000000, 0x000000070f200000|  0%| F|  |TAMS 0x000000070f000000, 0x000000070f000000| Untracked 
| 121|0x000000070f200000, 0x000000070f200000, 0x000000070f400000|  0%| F|  |TAMS 0x000000070f200000, 0x000000070f200000| Untracked 
| 122|0x000000070f400000, 0x000000070f400000, 0x000000070f600000|  0%| F|  |TAMS 0x000000070f400000, 0x000000070f400000| Untracked 
| 123|0x000000070f600000, 0x000000070f600000, 0x000000070f800000|  0%| F|  |TAMS 0x000000070f600000, 0x000000070f600000| Untracked 
| 124|0x000000070f800000, 0x000000070f800000, 0x000000070fa00000|  0%| F|  |TAMS 0x000000070f800000, 0x000000070f800000| Untracked 
| 125|0x000000070fa00000, 0x000000070fa00000, 0x000000070fc00000|  0%| F|  |TAMS 0x000000070fa00000, 0x000000070fa00000| Untracked 
| 126|0x000000070fc00000, 0x000000070fc00000, 0x000000070fe00000|  0%| F|  |TAMS 0x000000070fc00000, 0x000000070fc00000| Untracked 
| 127|0x000000070fe00000, 0x000000070fe00000, 0x0000000710000000|  0%| F|  |TAMS 0x000000070fe00000, 0x000000070fe00000| Untracked 
| 128|0x0000000710000000, 0x0000000710000000, 0x0000000710200000|  0%| F|  |TAMS 0x0000000710000000, 0x0000000710000000| Untracked 
| 129|0x0000000710200000, 0x0000000710200000, 0x0000000710400000|  0%| F|  |TAMS 0x0000000710200000, 0x0000000710200000| Untracked 
| 130|0x0000000710400000, 0x0000000710400000, 0x0000000710600000|  0%| F|  |TAMS 0x0000000710400000, 0x0000000710400000| Untracked 
| 131|0x0000000710600000, 0x0000000710600000, 0x0000000710800000|  0%| F|  |TAMS 0x0000000710600000, 0x0000000710600000| Untracked 
| 132|0x0000000710800000, 0x0000000710800000, 0x0000000710a00000|  0%| F|  |TAMS 0x0000000710800000, 0x0000000710800000| Untracked 
| 133|0x0000000710a00000, 0x0000000710a00000, 0x0000000710c00000|  0%| F|  |TAMS 0x0000000710a00000, 0x0000000710a00000| Untracked 
| 134|0x0000000710c00000, 0x0000000710c00000, 0x0000000710e00000|  0%| F|  |TAMS 0x0000000710c00000, 0x0000000710c00000| Untracked 
| 135|0x0000000710e00000, 0x0000000710e00000, 0x0000000711000000|  0%| F|  |TAMS 0x0000000710e00000, 0x0000000710e00000| Untracked 
| 136|0x0000000711000000, 0x0000000711000000, 0x0000000711200000|  0%| F|  |TAMS 0x0000000711000000, 0x0000000711000000| Untracked 
| 137|0x0000000711200000, 0x0000000711200000, 0x0000000711400000|  0%| F|  |TAMS 0x0000000711200000, 0x0000000711200000| Untracked 
| 138|0x0000000711400000, 0x0000000711400000, 0x0000000711600000|  0%| F|  |TAMS 0x0000000711400000, 0x0000000711400000| Untracked 
| 139|0x0000000711600000, 0x0000000711600000, 0x0000000711800000|  0%| F|  |TAMS 0x0000000711600000, 0x0000000711600000| Untracked 
| 140|0x0000000711800000, 0x0000000711800000, 0x0000000711a00000|  0%| F|  |TAMS 0x0000000711800000, 0x0000000711800000| Untracked 
| 141|0x0000000711a00000, 0x0000000711a00000, 0x0000000711c00000|  0%| F|  |TAMS 0x0000000711a00000, 0x0000000711a00000| Untracked 
| 142|0x0000000711c00000, 0x0000000711c00000, 0x0000000711e00000|  0%| F|  |TAMS 0x0000000711c00000, 0x0000000711c00000| Untracked 
| 143|0x0000000711e00000, 0x0000000711e00000, 0x0000000712000000|  0%| F|  |TAMS 0x0000000711e00000, 0x0000000711e00000| Untracked 
| 144|0x0000000712000000, 0x0000000712000000, 0x0000000712200000|  0%| F|  |TAMS 0x0000000712000000, 0x0000000712000000| Untracked 
| 145|0x0000000712200000, 0x0000000712200000, 0x0000000712400000|  0%| F|  |TAMS 0x0000000712200000, 0x0000000712200000| Untracked 
| 146|0x0000000712400000, 0x0000000712400000, 0x0000000712600000|  0%| F|  |TAMS 0x0000000712400000, 0x0000000712400000| Untracked 
| 147|0x0000000712600000, 0x0000000712600000, 0x0000000712800000|  0%| F|  |TAMS 0x0000000712600000, 0x0000000712600000| Untracked 
| 148|0x0000000712800000, 0x0000000712800000, 0x0000000712a00000|  0%| F|  |TAMS 0x0000000712800000, 0x0000000712800000| Untracked 
| 149|0x0000000712a00000, 0x0000000712a00000, 0x0000000712c00000|  0%| F|  |TAMS 0x0000000712a00000, 0x0000000712a00000| Untracked 
| 150|0x0000000712c00000, 0x0000000712c00000, 0x0000000712e00000|  0%| F|  |TAMS 0x0000000712c00000, 0x0000000712c00000| Untracked 
| 151|0x0000000712e00000, 0x0000000712e00000, 0x0000000713000000|  0%| F|  |TAMS 0x0000000712e00000, 0x0000000712e00000| Untracked 
| 152|0x0000000713000000, 0x0000000713000000, 0x0000000713200000|  0%| F|  |TAMS 0x0000000713000000, 0x0000000713000000| Untracked 
| 153|0x0000000713200000, 0x0000000713200000, 0x0000000713400000|  0%| F|  |TAMS 0x0000000713200000, 0x0000000713200000| Untracked 
| 154|0x0000000713400000, 0x0000000713400000, 0x0000000713600000|  0%| F|  |TAMS 0x0000000713400000, 0x0000000713400000| Untracked 
| 155|0x0000000713600000, 0x0000000713600000, 0x0000000713800000|  0%| F|  |TAMS 0x0000000713600000, 0x0000000713600000| Untracked 
| 156|0x0000000713800000, 0x0000000713800000, 0x0000000713a00000|  0%| F|  |TAMS 0x0000000713800000, 0x0000000713800000| Untracked 
| 157|0x0000000713a00000, 0x0000000713a00000, 0x0000000713c00000|  0%| F|  |TAMS 0x0000000713a00000, 0x0000000713a00000| Untracked 
| 158|0x0000000713c00000, 0x0000000713c00000, 0x0000000713e00000|  0%| F|  |TAMS 0x0000000713c00000, 0x0000000713c00000| Untracked 
| 159|0x0000000713e00000, 0x0000000713e00000, 0x0000000714000000|  0%| F|  |TAMS 0x0000000713e00000, 0x0000000713e00000| Untracked 
| 160|0x0000000714000000, 0x0000000714000000, 0x0000000714200000|  0%| F|  |TAMS 0x0000000714000000, 0x0000000714000000| Untracked 
| 161|0x0000000714200000, 0x0000000714200000, 0x0000000714400000|  0%| F|  |TAMS 0x0000000714200000, 0x0000000714200000| Untracked 
| 162|0x0000000714400000, 0x0000000714400000, 0x0000000714600000|  0%| F|  |TAMS 0x0000000714400000, 0x0000000714400000| Untracked 
| 163|0x0000000714600000, 0x0000000714600000, 0x0000000714800000|  0%| F|  |TAMS 0x0000000714600000, 0x0000000714600000| Untracked 
| 164|0x0000000714800000, 0x0000000714800000, 0x0000000714a00000|  0%| F|  |TAMS 0x0000000714800000, 0x0000000714800000| Untracked 
| 165|0x0000000714a00000, 0x0000000714a00000, 0x0000000714c00000|  0%| F|  |TAMS 0x0000000714a00000, 0x0000000714a00000| Untracked 
| 166|0x0000000714c00000, 0x0000000714c00000, 0x0000000714e00000|  0%| F|  |TAMS 0x0000000714c00000, 0x0000000714c00000| Untracked 
| 167|0x0000000714e00000, 0x0000000714e00000, 0x0000000715000000|  0%| F|  |TAMS 0x0000000714e00000, 0x0000000714e00000| Untracked 
| 168|0x0000000715000000, 0x0000000715000000, 0x0000000715200000|  0%| F|  |TAMS 0x0000000715000000, 0x0000000715000000| Untracked 
| 169|0x0000000715200000, 0x0000000715200000, 0x0000000715400000|  0%| F|  |TAMS 0x0000000715200000, 0x0000000715200000| Untracked 
| 170|0x0000000715400000, 0x0000000715400000, 0x0000000715600000|  0%| F|  |TAMS 0x0000000715400000, 0x0000000715400000| Untracked 
| 171|0x0000000715600000, 0x0000000715600000, 0x0000000715800000|  0%| F|  |TAMS 0x0000000715600000, 0x0000000715600000| Untracked 
| 172|0x0000000715800000, 0x0000000715800000, 0x0000000715a00000|  0%| F|  |TAMS 0x0000000715800000, 0x0000000715800000| Untracked 
| 173|0x0000000715a00000, 0x0000000715a00000, 0x0000000715c00000|  0%| F|  |TAMS 0x0000000715a00000, 0x0000000715a00000| Untracked 
| 174|0x0000000715c00000, 0x0000000715c00000, 0x0000000715e00000|  0%| F|  |TAMS 0x0000000715c00000, 0x0000000715c00000| Untracked 
| 175|0x0000000715e00000, 0x0000000715e00000, 0x0000000716000000|  0%| F|  |TAMS 0x0000000715e00000, 0x0000000715e00000| Untracked 
| 176|0x0000000716000000, 0x0000000716000000, 0x0000000716200000|  0%| F|  |TAMS 0x0000000716000000, 0x0000000716000000| Untracked 
| 177|0x0000000716200000, 0x0000000716200000, 0x0000000716400000|  0%| F|  |TAMS 0x0000000716200000, 0x0000000716200000| Untracked 
| 178|0x0000000716400000, 0x0000000716400000, 0x0000000716600000|  0%| F|  |TAMS 0x0000000716400000, 0x0000000716400000| Untracked 
| 179|0x0000000716600000, 0x0000000716600000, 0x0000000716800000|  0%| F|  |TAMS 0x0000000716600000, 0x0000000716600000| Untracked 
| 180|0x0000000716800000, 0x0000000716800000, 0x0000000716a00000|  0%| F|  |TAMS 0x0000000716800000, 0x0000000716800000| Untracked 
| 181|0x0000000716a00000, 0x0000000716a00000, 0x0000000716c00000|  0%| F|  |TAMS 0x0000000716a00000, 0x0000000716a00000| Untracked 
| 182|0x0000000716c00000, 0x0000000716c00000, 0x0000000716e00000|  0%| F|  |TAMS 0x0000000716c00000, 0x0000000716c00000| Untracked 
| 183|0x0000000716e00000, 0x0000000716e00000, 0x0000000717000000|  0%| F|  |TAMS 0x0000000716e00000, 0x0000000716e00000| Untracked 
| 184|0x0000000717000000, 0x0000000717000000, 0x0000000717200000|  0%| F|  |TAMS 0x0000000717000000, 0x0000000717000000| Untracked 
| 185|0x0000000717200000, 0x0000000717200000, 0x0000000717400000|  0%| F|  |TAMS 0x0000000717200000, 0x0000000717200000| Untracked 
| 186|0x0000000717400000, 0x0000000717400000, 0x0000000717600000|  0%| F|  |TAMS 0x0000000717400000, 0x0000000717400000| Untracked 
| 187|0x0000000717600000, 0x0000000717600000, 0x0000000717800000|  0%| F|  |TAMS 0x0000000717600000, 0x0000000717600000| Untracked 
| 188|0x0000000717800000, 0x0000000717800000, 0x0000000717a00000|  0%| F|  |TAMS 0x0000000717800000, 0x0000000717800000| Untracked 
| 189|0x0000000717a00000, 0x0000000717a00000, 0x0000000717c00000|  0%| F|  |TAMS 0x0000000717a00000, 0x0000000717a00000| Untracked 
| 190|0x0000000717c00000, 0x0000000717c00000, 0x0000000717e00000|  0%| F|  |TAMS 0x0000000717c00000, 0x0000000717c00000| Untracked 
| 191|0x0000000717e00000, 0x0000000717e00000, 0x0000000718000000|  0%| F|  |TAMS 0x0000000717e00000, 0x0000000717e00000| Untracked 
| 192|0x0000000718000000, 0x0000000718000000, 0x0000000718200000|  0%| F|  |TAMS 0x0000000718000000, 0x0000000718000000| Untracked 
| 193|0x0000000718200000, 0x0000000718200000, 0x0000000718400000|  0%| F|  |TAMS 0x0000000718200000, 0x0000000718200000| Untracked 
| 194|0x0000000718400000, 0x0000000718400000, 0x0000000718600000|  0%| F|  |TAMS 0x0000000718400000, 0x0000000718400000| Untracked 
| 195|0x0000000718600000, 0x0000000718600000, 0x0000000718800000|  0%| F|  |TAMS 0x0000000718600000, 0x0000000718600000| Untracked 
| 196|0x0000000718800000, 0x0000000718800000, 0x0000000718a00000|  0%| F|  |TAMS 0x0000000718800000, 0x0000000718800000| Untracked 
| 197|0x0000000718a00000, 0x0000000718a00000, 0x0000000718c00000|  0%| F|  |TAMS 0x0000000718a00000, 0x0000000718a00000| Untracked 
| 198|0x0000000718c00000, 0x0000000718c00000, 0x0000000718e00000|  0%| F|  |TAMS 0x0000000718c00000, 0x0000000718c00000| Untracked 
| 199|0x0000000718e00000, 0x0000000718e00000, 0x0000000719000000|  0%| F|  |TAMS 0x0000000718e00000, 0x0000000718e00000| Untracked 
| 200|0x0000000719000000, 0x0000000719000000, 0x0000000719200000|  0%| F|  |TAMS 0x0000000719000000, 0x0000000719000000| Untracked 
| 201|0x0000000719200000, 0x0000000719200000, 0x0000000719400000|  0%| F|  |TAMS 0x0000000719200000, 0x0000000719200000| Untracked 
| 202|0x0000000719400000, 0x0000000719400000, 0x0000000719600000|  0%| F|  |TAMS 0x0000000719400000, 0x0000000719400000| Untracked 
| 203|0x0000000719600000, 0x0000000719600000, 0x0000000719800000|  0%| F|  |TAMS 0x0000000719600000, 0x0000000719600000| Untracked 
| 204|0x0000000719800000, 0x0000000719800000, 0x0000000719a00000|  0%| F|  |TAMS 0x0000000719800000, 0x0000000719800000| Untracked 
| 205|0x0000000719a00000, 0x0000000719a00000, 0x0000000719c00000|  0%| F|  |TAMS 0x0000000719a00000, 0x0000000719a00000| Untracked 
| 206|0x0000000719c00000, 0x0000000719c00000, 0x0000000719e00000|  0%| F|  |TAMS 0x0000000719c00000, 0x0000000719c00000| Untracked 
| 207|0x0000000719e00000, 0x0000000719e00000, 0x000000071a000000|  0%| F|  |TAMS 0x0000000719e00000, 0x0000000719e00000| Untracked 
| 208|0x000000071a000000, 0x000000071a000000, 0x000000071a200000|  0%| F|  |TAMS 0x000000071a000000, 0x000000071a000000| Untracked 
| 209|0x000000071a200000, 0x000000071a200000, 0x000000071a400000|  0%| F|  |TAMS 0x000000071a200000, 0x000000071a200000| Untracked 
| 210|0x000000071a400000, 0x000000071a400000, 0x000000071a600000|  0%| F|  |TAMS 0x000000071a400000, 0x000000071a400000| Untracked 
| 211|0x000000071a600000, 0x000000071a600000, 0x000000071a800000|  0%| F|  |TAMS 0x000000071a600000, 0x000000071a600000| Untracked 
| 212|0x000000071a800000, 0x000000071a800000, 0x000000071aa00000|  0%| F|  |TAMS 0x000000071a800000, 0x000000071a800000| Untracked 
| 213|0x000000071aa00000, 0x000000071aa00000, 0x000000071ac00000|  0%| F|  |TAMS 0x000000071aa00000, 0x000000071aa00000| Untracked 
| 214|0x000000071ac00000, 0x000000071ac00000, 0x000000071ae00000|  0%| F|  |TAMS 0x000000071ac00000, 0x000000071ac00000| Untracked 
| 215|0x000000071ae00000, 0x000000071ae00000, 0x000000071b000000|  0%| F|  |TAMS 0x000000071ae00000, 0x000000071ae00000| Untracked 
| 216|0x000000071b000000, 0x000000071b000000, 0x000000071b200000|  0%| F|  |TAMS 0x000000071b000000, 0x000000071b000000| Untracked 
| 217|0x000000071b200000, 0x000000071b200000, 0x000000071b400000|  0%| F|  |TAMS 0x000000071b200000, 0x000000071b200000| Untracked 
| 218|0x000000071b400000, 0x000000071b400000, 0x000000071b600000|  0%| F|  |TAMS 0x000000071b400000, 0x000000071b400000| Untracked 
| 219|0x000000071b600000, 0x000000071b600000, 0x000000071b800000|  0%| F|  |TAMS 0x000000071b600000, 0x000000071b600000| Untracked 
| 220|0x000000071b800000, 0x000000071b800000, 0x000000071ba00000|  0%| F|  |TAMS 0x000000071b800000, 0x000000071b800000| Untracked 
| 221|0x000000071ba00000, 0x000000071ba00000, 0x000000071bc00000|  0%| F|  |TAMS 0x000000071ba00000, 0x000000071ba00000| Untracked 
| 222|0x000000071bc00000, 0x000000071bc00000, 0x000000071be00000|  0%| F|  |TAMS 0x000000071bc00000, 0x000000071bc00000| Untracked 
| 223|0x000000071be00000, 0x000000071be00000, 0x000000071c000000|  0%| F|  |TAMS 0x000000071be00000, 0x000000071be00000| Untracked 
| 224|0x000000071c000000, 0x000000071c000000, 0x000000071c200000|  0%| F|  |TAMS 0x000000071c000000, 0x000000071c000000| Untracked 
| 225|0x000000071c200000, 0x000000071c200000, 0x000000071c400000|  0%| F|  |TAMS 0x000000071c200000, 0x000000071c200000| Untracked 
| 226|0x000000071c400000, 0x000000071c400000, 0x000000071c600000|  0%| F|  |TAMS 0x000000071c400000, 0x000000071c400000| Untracked 
| 227|0x000000071c600000, 0x000000071c600000, 0x000000071c800000|  0%| F|  |TAMS 0x000000071c600000, 0x000000071c600000| Untracked 
| 228|0x000000071c800000, 0x000000071c800000, 0x000000071ca00000|  0%| F|  |TAMS 0x000000071c800000, 0x000000071c800000| Untracked 
| 229|0x000000071ca00000, 0x000000071ca00000, 0x000000071cc00000|  0%| F|  |TAMS 0x000000071ca00000, 0x000000071ca00000| Untracked 
| 230|0x000000071cc00000, 0x000000071cc00000, 0x000000071ce00000|  0%| F|  |TAMS 0x000000071cc00000, 0x000000071cc00000| Untracked 
| 231|0x000000071ce00000, 0x000000071ce00000, 0x000000071d000000|  0%| F|  |TAMS 0x000000071ce00000, 0x000000071ce00000| Untracked 
| 232|0x000000071d000000, 0x000000071d000000, 0x000000071d200000|  0%| F|  |TAMS 0x000000071d000000, 0x000000071d000000| Untracked 
| 233|0x000000071d200000, 0x000000071d200000, 0x000000071d400000|  0%| F|  |TAMS 0x000000071d200000, 0x000000071d200000| Untracked 
| 234|0x000000071d400000, 0x000000071d400000, 0x000000071d600000|  0%| F|  |TAMS 0x000000071d400000, 0x000000071d400000| Untracked 
| 235|0x000000071d600000, 0x000000071d600000, 0x000000071d800000|  0%| F|  |TAMS 0x000000071d600000, 0x000000071d600000| Untracked 
| 236|0x000000071d800000, 0x000000071d800000, 0x000000071da00000|  0%| F|  |TAMS 0x000000071d800000, 0x000000071d800000| Untracked 
| 237|0x000000071da00000, 0x000000071da00000, 0x000000071dc00000|  0%| F|  |TAMS 0x000000071da00000, 0x000000071da00000| Untracked 
| 238|0x000000071dc00000, 0x000000071dc00000, 0x000000071de00000|  0%| F|  |TAMS 0x000000071dc00000, 0x000000071dc00000| Untracked 
| 239|0x000000071de00000, 0x000000071de00000, 0x000000071e000000|  0%| F|  |TAMS 0x000000071de00000, 0x000000071de00000| Untracked 
| 240|0x000000071e000000, 0x000000071e000000, 0x000000071e200000|  0%| F|  |TAMS 0x000000071e000000, 0x000000071e000000| Untracked 
| 241|0x000000071e200000, 0x000000071e200000, 0x000000071e400000|  0%| F|  |TAMS 0x000000071e200000, 0x000000071e200000| Untracked 
| 242|0x000000071e400000, 0x000000071e400000, 0x000000071e600000|  0%| F|  |TAMS 0x000000071e400000, 0x000000071e400000| Untracked 
| 243|0x000000071e600000, 0x000000071e600000, 0x000000071e800000|  0%| F|  |TAMS 0x000000071e600000, 0x000000071e600000| Untracked 
| 244|0x000000071e800000, 0x000000071e800000, 0x000000071ea00000|  0%| F|  |TAMS 0x000000071e800000, 0x000000071e800000| Untracked 
| 245|0x000000071ea00000, 0x000000071ea00000, 0x000000071ec00000|  0%| F|  |TAMS 0x000000071ea00000, 0x000000071ea00000| Untracked 
| 246|0x000000071ec00000, 0x000000071ec00000, 0x000000071ee00000|  0%| F|  |TAMS 0x000000071ec00000, 0x000000071ec00000| Untracked 
| 247|0x000000071ee00000, 0x000000071ee00000, 0x000000071f000000|  0%| F|  |TAMS 0x000000071ee00000, 0x000000071ee00000| Untracked 
| 248|0x000000071f000000, 0x000000071f000000, 0x000000071f200000|  0%| F|  |TAMS 0x000000071f000000, 0x000000071f000000| Untracked 
| 249|0x000000071f200000, 0x000000071f200000, 0x000000071f400000|  0%| F|  |TAMS 0x000000071f200000, 0x000000071f200000| Untracked 
| 250|0x000000071f400000, 0x000000071f400000, 0x000000071f600000|  0%| F|  |TAMS 0x000000071f400000, 0x000000071f400000| Untracked 
| 251|0x000000071f600000, 0x000000071f600000, 0x000000071f800000|  0%| F|  |TAMS 0x000000071f600000, 0x000000071f600000| Untracked 
| 252|0x000000071f800000, 0x000000071f800000, 0x000000071fa00000|  0%| F|  |TAMS 0x000000071f800000, 0x000000071f800000| Untracked 
| 253|0x000000071fa00000, 0x000000071fa00000, 0x000000071fc00000|  0%| F|  |TAMS 0x000000071fa00000, 0x000000071fa00000| Untracked 
| 254|0x000000071fc00000, 0x000000071fc00000, 0x000000071fe00000|  0%| F|  |TAMS 0x000000071fc00000, 0x000000071fc00000| Untracked 
| 255|0x000000071fe00000, 0x000000071fe00000, 0x0000000720000000|  0%| F|  |TAMS 0x000000071fe00000, 0x000000071fe00000| Untracked 
| 256|0x0000000720000000, 0x0000000720000000, 0x0000000720200000|  0%| F|  |TAMS 0x0000000720000000, 0x0000000720000000| Untracked 
| 257|0x0000000720200000, 0x0000000720200000, 0x0000000720400000|  0%| F|  |TAMS 0x0000000720200000, 0x0000000720200000| Untracked 
| 258|0x0000000720400000, 0x0000000720400000, 0x0000000720600000|  0%| F|  |TAMS 0x0000000720400000, 0x0000000720400000| Untracked 
| 259|0x0000000720600000, 0x0000000720600000, 0x0000000720800000|  0%| F|  |TAMS 0x0000000720600000, 0x0000000720600000| Untracked 
| 260|0x0000000720800000, 0x0000000720800000, 0x0000000720a00000|  0%| F|  |TAMS 0x0000000720800000, 0x0000000720800000| Untracked 
| 261|0x0000000720a00000, 0x0000000720a00000, 0x0000000720c00000|  0%| F|  |TAMS 0x0000000720a00000, 0x0000000720a00000| Untracked 
| 262|0x0000000720c00000, 0x0000000720c00000, 0x0000000720e00000|  0%| F|  |TAMS 0x0000000720c00000, 0x0000000720c00000| Untracked 
| 263|0x0000000720e00000, 0x0000000720e00000, 0x0000000721000000|  0%| F|  |TAMS 0x0000000720e00000, 0x0000000720e00000| Untracked 
| 264|0x0000000721000000, 0x0000000721000000, 0x0000000721200000|  0%| F|  |TAMS 0x0000000721000000, 0x0000000721000000| Untracked 
| 265|0x0000000721200000, 0x0000000721200000, 0x0000000721400000|  0%| F|  |TAMS 0x0000000721200000, 0x0000000721200000| Untracked 
| 266|0x0000000721400000, 0x0000000721400000, 0x0000000721600000|  0%| F|  |TAMS 0x0000000721400000, 0x0000000721400000| Untracked 
| 267|0x0000000721600000, 0x0000000721600000, 0x0000000721800000|  0%| F|  |TAMS 0x0000000721600000, 0x0000000721600000| Untracked 
| 268|0x0000000721800000, 0x0000000721800000, 0x0000000721a00000|  0%| F|  |TAMS 0x0000000721800000, 0x0000000721800000| Untracked 
| 269|0x0000000721a00000, 0x0000000721a00000, 0x0000000721c00000|  0%| F|  |TAMS 0x0000000721a00000, 0x0000000721a00000| Untracked 
| 270|0x0000000721c00000, 0x0000000721c00000, 0x0000000721e00000|  0%| F|  |TAMS 0x0000000721c00000, 0x0000000721c00000| Untracked 
| 271|0x0000000721e00000, 0x0000000721e00000, 0x0000000722000000|  0%| F|  |TAMS 0x0000000721e00000, 0x0000000721e00000| Untracked 
| 272|0x0000000722000000, 0x0000000722000000, 0x0000000722200000|  0%| F|  |TAMS 0x0000000722000000, 0x0000000722000000| Untracked 
| 273|0x0000000722200000, 0x0000000722200000, 0x0000000722400000|  0%| F|  |TAMS 0x0000000722200000, 0x0000000722200000| Untracked 
| 274|0x0000000722400000, 0x0000000722400000, 0x0000000722600000|  0%| F|  |TAMS 0x0000000722400000, 0x0000000722400000| Untracked 
| 275|0x0000000722600000, 0x0000000722600000, 0x0000000722800000|  0%| F|  |TAMS 0x0000000722600000, 0x0000000722600000| Untracked 
| 276|0x0000000722800000, 0x0000000722800000, 0x0000000722a00000|  0%| F|  |TAMS 0x0000000722800000, 0x0000000722800000| Untracked 
| 277|0x0000000722a00000, 0x0000000722a00000, 0x0000000722c00000|  0%| F|  |TAMS 0x0000000722a00000, 0x0000000722a00000| Untracked 
| 278|0x0000000722c00000, 0x0000000722c00000, 0x0000000722e00000|  0%| F|  |TAMS 0x0000000722c00000, 0x0000000722c00000| Untracked 
| 279|0x0000000722e00000, 0x0000000722e00000, 0x0000000723000000|  0%| F|  |TAMS 0x0000000722e00000, 0x0000000722e00000| Untracked 
| 280|0x0000000723000000, 0x0000000723000000, 0x0000000723200000|  0%| F|  |TAMS 0x0000000723000000, 0x0000000723000000| Untracked 
| 281|0x0000000723200000, 0x0000000723200000, 0x0000000723400000|  0%| F|  |TAMS 0x0000000723200000, 0x0000000723200000| Untracked 
| 282|0x0000000723400000, 0x0000000723400000, 0x0000000723600000|  0%| F|  |TAMS 0x0000000723400000, 0x0000000723400000| Untracked 
| 283|0x0000000723600000, 0x0000000723600000, 0x0000000723800000|  0%| F|  |TAMS 0x0000000723600000, 0x0000000723600000| Untracked 
| 284|0x0000000723800000, 0x0000000723800000, 0x0000000723a00000|  0%| F|  |TAMS 0x0000000723800000, 0x0000000723800000| Untracked 
| 285|0x0000000723a00000, 0x0000000723a00000, 0x0000000723c00000|  0%| F|  |TAMS 0x0000000723a00000, 0x0000000723a00000| Untracked 
| 286|0x0000000723c00000, 0x0000000723c00000, 0x0000000723e00000|  0%| F|  |TAMS 0x0000000723c00000, 0x0000000723c00000| Untracked 
| 287|0x0000000723e00000, 0x0000000723e00000, 0x0000000724000000|  0%| F|  |TAMS 0x0000000723e00000, 0x0000000723e00000| Untracked 
| 288|0x0000000724000000, 0x0000000724000000, 0x0000000724200000|  0%| F|  |TAMS 0x0000000724000000, 0x0000000724000000| Untracked 
| 289|0x0000000724200000, 0x0000000724200000, 0x0000000724400000|  0%| F|  |TAMS 0x0000000724200000, 0x0000000724200000| Untracked 
| 290|0x0000000724400000, 0x0000000724400000, 0x0000000724600000|  0%| F|  |TAMS 0x0000000724400000, 0x0000000724400000| Untracked 
| 291|0x0000000724600000, 0x0000000724600000, 0x0000000724800000|  0%| F|  |TAMS 0x0000000724600000, 0x0000000724600000| Untracked 
| 292|0x0000000724800000, 0x0000000724800000, 0x0000000724a00000|  0%| F|  |TAMS 0x0000000724800000, 0x0000000724800000| Untracked 
| 293|0x0000000724a00000, 0x0000000724a00000, 0x0000000724c00000|  0%| F|  |TAMS 0x0000000724a00000, 0x0000000724a00000| Untracked 
| 294|0x0000000724c00000, 0x0000000724c00000, 0x0000000724e00000|  0%| F|  |TAMS 0x0000000724c00000, 0x0000000724c00000| Untracked 
| 295|0x0000000724e00000, 0x0000000724e00000, 0x0000000725000000|  0%| F|  |TAMS 0x0000000724e00000, 0x0000000724e00000| Untracked 
| 296|0x0000000725000000, 0x0000000725000000, 0x0000000725200000|  0%| F|  |TAMS 0x0000000725000000, 0x0000000725000000| Untracked 
| 297|0x0000000725200000, 0x0000000725200000, 0x0000000725400000|  0%| F|  |TAMS 0x0000000725200000, 0x0000000725200000| Untracked 
| 298|0x0000000725400000, 0x0000000725400000, 0x0000000725600000|  0%| F|  |TAMS 0x0000000725400000, 0x0000000725400000| Untracked 
| 299|0x0000000725600000, 0x0000000725600000, 0x0000000725800000|  0%| F|  |TAMS 0x0000000725600000, 0x0000000725600000| Untracked 
| 300|0x0000000725800000, 0x0000000725800000, 0x0000000725a00000|  0%| F|  |TAMS 0x0000000725800000, 0x0000000725800000| Untracked 
| 301|0x0000000725a00000, 0x0000000725a00000, 0x0000000725c00000|  0%| F|  |TAMS 0x0000000725a00000, 0x0000000725a00000| Untracked 
| 302|0x0000000725c00000, 0x0000000725c00000, 0x0000000725e00000|  0%| F|  |TAMS 0x0000000725c00000, 0x0000000725c00000| Untracked 
| 303|0x0000000725e00000, 0x0000000725e00000, 0x0000000726000000|  0%| F|  |TAMS 0x0000000725e00000, 0x0000000725e00000| Untracked 
| 304|0x0000000726000000, 0x0000000726000000, 0x0000000726200000|  0%| F|  |TAMS 0x0000000726000000, 0x0000000726000000| Untracked 
| 305|0x0000000726200000, 0x0000000726200000, 0x0000000726400000|  0%| F|  |TAMS 0x0000000726200000, 0x0000000726200000| Untracked 
| 306|0x0000000726400000, 0x0000000726400000, 0x0000000726600000|  0%| F|  |TAMS 0x0000000726400000, 0x0000000726400000| Untracked 
| 307|0x0000000726600000, 0x0000000726600000, 0x0000000726800000|  0%| F|  |TAMS 0x0000000726600000, 0x0000000726600000| Untracked 
| 308|0x0000000726800000, 0x0000000726800000, 0x0000000726a00000|  0%| F|  |TAMS 0x0000000726800000, 0x0000000726800000| Untracked 
| 309|0x0000000726a00000, 0x0000000726a00000, 0x0000000726c00000|  0%| F|  |TAMS 0x0000000726a00000, 0x0000000726a00000| Untracked 
| 310|0x0000000726c00000, 0x0000000726c00000, 0x0000000726e00000|  0%| F|  |TAMS 0x0000000726c00000, 0x0000000726c00000| Untracked 
| 311|0x0000000726e00000, 0x0000000726e00000, 0x0000000727000000|  0%| F|  |TAMS 0x0000000726e00000, 0x0000000726e00000| Untracked 
| 312|0x0000000727000000, 0x0000000727000000, 0x0000000727200000|  0%| F|  |TAMS 0x0000000727000000, 0x0000000727000000| Untracked 
| 313|0x0000000727200000, 0x0000000727200000, 0x0000000727400000|  0%| F|  |TAMS 0x0000000727200000, 0x0000000727200000| Untracked 
| 314|0x0000000727400000, 0x0000000727400000, 0x0000000727600000|  0%| F|  |TAMS 0x0000000727400000, 0x0000000727400000| Untracked 
| 315|0x0000000727600000, 0x0000000727600000, 0x0000000727800000|  0%| F|  |TAMS 0x0000000727600000, 0x0000000727600000| Untracked 
| 316|0x0000000727800000, 0x0000000727800000, 0x0000000727a00000|  0%| F|  |TAMS 0x0000000727800000, 0x0000000727800000| Untracked 
| 317|0x0000000727a00000, 0x0000000727a00000, 0x0000000727c00000|  0%| F|  |TAMS 0x0000000727a00000, 0x0000000727a00000| Untracked 
| 318|0x0000000727c00000, 0x0000000727c00000, 0x0000000727e00000|  0%| F|  |TAMS 0x0000000727c00000, 0x0000000727c00000| Untracked 
| 319|0x0000000727e00000, 0x0000000727e00000, 0x0000000728000000|  0%| F|  |TAMS 0x0000000727e00000, 0x0000000727e00000| Untracked 
| 320|0x0000000728000000, 0x0000000728000000, 0x0000000728200000|  0%| F|  |TAMS 0x0000000728000000, 0x0000000728000000| Untracked 
| 321|0x0000000728200000, 0x0000000728200000, 0x0000000728400000|  0%| F|  |TAMS 0x0000000728200000, 0x0000000728200000| Untracked 
| 322|0x0000000728400000, 0x0000000728400000, 0x0000000728600000|  0%| F|  |TAMS 0x0000000728400000, 0x0000000728400000| Untracked 
| 323|0x0000000728600000, 0x0000000728600000, 0x0000000728800000|  0%| F|  |TAMS 0x0000000728600000, 0x0000000728600000| Untracked 
| 324|0x0000000728800000, 0x0000000728800000, 0x0000000728a00000|  0%| F|  |TAMS 0x0000000728800000, 0x0000000728800000| Untracked 
| 325|0x0000000728a00000, 0x0000000728a00000, 0x0000000728c00000|  0%| F|  |TAMS 0x0000000728a00000, 0x0000000728a00000| Untracked 
| 326|0x0000000728c00000, 0x0000000728c00000, 0x0000000728e00000|  0%| F|  |TAMS 0x0000000728c00000, 0x0000000728c00000| Untracked 
| 327|0x0000000728e00000, 0x0000000728e00000, 0x0000000729000000|  0%| F|  |TAMS 0x0000000728e00000, 0x0000000728e00000| Untracked 
| 328|0x0000000729000000, 0x0000000729000000, 0x0000000729200000|  0%| F|  |TAMS 0x0000000729000000, 0x0000000729000000| Untracked 
| 329|0x0000000729200000, 0x0000000729200000, 0x0000000729400000|  0%| F|  |TAMS 0x0000000729200000, 0x0000000729200000| Untracked 
| 330|0x0000000729400000, 0x0000000729400000, 0x0000000729600000|  0%| F|  |TAMS 0x0000000729400000, 0x0000000729400000| Untracked 
| 331|0x0000000729600000, 0x0000000729600000, 0x0000000729800000|  0%| F|  |TAMS 0x0000000729600000, 0x0000000729600000| Untracked 
| 332|0x0000000729800000, 0x0000000729800000, 0x0000000729a00000|  0%| F|  |TAMS 0x0000000729800000, 0x0000000729800000| Untracked 
| 333|0x0000000729a00000, 0x0000000729a00000, 0x0000000729c00000|  0%| F|  |TAMS 0x0000000729a00000, 0x0000000729a00000| Untracked 
| 334|0x0000000729c00000, 0x0000000729c00000, 0x0000000729e00000|  0%| F|  |TAMS 0x0000000729c00000, 0x0000000729c00000| Untracked 
| 335|0x0000000729e00000, 0x0000000729e00000, 0x000000072a000000|  0%| F|  |TAMS 0x0000000729e00000, 0x0000000729e00000| Untracked 
| 336|0x000000072a000000, 0x000000072a000000, 0x000000072a200000|  0%| F|  |TAMS 0x000000072a000000, 0x000000072a000000| Untracked 
| 337|0x000000072a200000, 0x000000072a200000, 0x000000072a400000|  0%| F|  |TAMS 0x000000072a200000, 0x000000072a200000| Untracked 
| 338|0x000000072a400000, 0x000000072a400000, 0x000000072a600000|  0%| F|  |TAMS 0x000000072a400000, 0x000000072a400000| Untracked 
| 339|0x000000072a600000, 0x000000072a600000, 0x000000072a800000|  0%| F|  |TAMS 0x000000072a600000, 0x000000072a600000| Untracked 
| 340|0x000000072a800000, 0x000000072a800000, 0x000000072aa00000|  0%| F|  |TAMS 0x000000072a800000, 0x000000072a800000| Untracked 
| 341|0x000000072aa00000, 0x000000072aa00000, 0x000000072ac00000|  0%| F|  |TAMS 0x000000072aa00000, 0x000000072aa00000| Untracked 
| 342|0x000000072ac00000, 0x000000072ac00000, 0x000000072ae00000|  0%| F|  |TAMS 0x000000072ac00000, 0x000000072ac00000| Untracked 
| 343|0x000000072ae00000, 0x000000072ae00000, 0x000000072b000000|  0%| F|  |TAMS 0x000000072ae00000, 0x000000072ae00000| Untracked 
| 344|0x000000072b000000, 0x000000072b000000, 0x000000072b200000|  0%| F|  |TAMS 0x000000072b000000, 0x000000072b000000| Untracked 
| 345|0x000000072b200000, 0x000000072b200000, 0x000000072b400000|  0%| F|  |TAMS 0x000000072b200000, 0x000000072b200000| Untracked 
| 346|0x000000072b400000, 0x000000072b400000, 0x000000072b600000|  0%| F|  |TAMS 0x000000072b400000, 0x000000072b400000| Untracked 
| 347|0x000000072b600000, 0x000000072b600000, 0x000000072b800000|  0%| F|  |TAMS 0x000000072b600000, 0x000000072b600000| Untracked 
| 348|0x000000072b800000, 0x000000072b800000, 0x000000072ba00000|  0%| F|  |TAMS 0x000000072b800000, 0x000000072b800000| Untracked 
| 349|0x000000072ba00000, 0x000000072ba00000, 0x000000072bc00000|  0%| F|  |TAMS 0x000000072ba00000, 0x000000072ba00000| Untracked 
| 350|0x000000072bc00000, 0x000000072bc00000, 0x000000072be00000|  0%| F|  |TAMS 0x000000072bc00000, 0x000000072bc00000| Untracked 
| 351|0x000000072be00000, 0x000000072be00000, 0x000000072c000000|  0%| F|  |TAMS 0x000000072be00000, 0x000000072be00000| Untracked 
| 352|0x000000072c000000, 0x000000072c000000, 0x000000072c200000|  0%| F|  |TAMS 0x000000072c000000, 0x000000072c000000| Untracked 
| 353|0x000000072c200000, 0x000000072c200000, 0x000000072c400000|  0%| F|  |TAMS 0x000000072c200000, 0x000000072c200000| Untracked 
| 354|0x000000072c400000, 0x000000072c400000, 0x000000072c600000|  0%| F|  |TAMS 0x000000072c400000, 0x000000072c400000| Untracked 
| 355|0x000000072c600000, 0x000000072c600000, 0x000000072c800000|  0%| F|  |TAMS 0x000000072c600000, 0x000000072c600000| Untracked 
| 356|0x000000072c800000, 0x000000072c800000, 0x000000072ca00000|  0%| F|  |TAMS 0x000000072c800000, 0x000000072c800000| Untracked 
| 357|0x000000072ca00000, 0x000000072ca00000, 0x000000072cc00000|  0%| F|  |TAMS 0x000000072ca00000, 0x000000072ca00000| Untracked 
| 358|0x000000072cc00000, 0x000000072cc00000, 0x000000072ce00000|  0%| F|  |TAMS 0x000000072cc00000, 0x000000072cc00000| Untracked 
| 359|0x000000072ce00000, 0x000000072ce00000, 0x000000072d000000|  0%| F|  |TAMS 0x000000072ce00000, 0x000000072ce00000| Untracked 
| 360|0x000000072d000000, 0x000000072d000000, 0x000000072d200000|  0%| F|  |TAMS 0x000000072d000000, 0x000000072d000000| Untracked 
| 361|0x000000072d200000, 0x000000072d200000, 0x000000072d400000|  0%| F|  |TAMS 0x000000072d200000, 0x000000072d200000| Untracked 
| 362|0x000000072d400000, 0x000000072d400000, 0x000000072d600000|  0%| F|  |TAMS 0x000000072d400000, 0x000000072d400000| Untracked 
| 363|0x000000072d600000, 0x000000072d600000, 0x000000072d800000|  0%| F|  |TAMS 0x000000072d600000, 0x000000072d600000| Untracked 
| 364|0x000000072d800000, 0x000000072d800000, 0x000000072da00000|  0%| F|  |TAMS 0x000000072d800000, 0x000000072d800000| Untracked 
| 365|0x000000072da00000, 0x000000072da00000, 0x000000072dc00000|  0%| F|  |TAMS 0x000000072da00000, 0x000000072da00000| Untracked 
| 366|0x000000072dc00000, 0x000000072dc00000, 0x000000072de00000|  0%| F|  |TAMS 0x000000072dc00000, 0x000000072dc00000| Untracked 
| 367|0x000000072de00000, 0x000000072de00000, 0x000000072e000000|  0%| F|  |TAMS 0x000000072de00000, 0x000000072de00000| Untracked 
| 368|0x000000072e000000, 0x000000072e000000, 0x000000072e200000|  0%| F|  |TAMS 0x000000072e000000, 0x000000072e000000| Untracked 
| 369|0x000000072e200000, 0x000000072e200000, 0x000000072e400000|  0%| F|  |TAMS 0x000000072e200000, 0x000000072e200000| Untracked 
| 370|0x000000072e400000, 0x000000072e400000, 0x000000072e600000|  0%| F|  |TAMS 0x000000072e400000, 0x000000072e400000| Untracked 
| 371|0x000000072e600000, 0x000000072e600000, 0x000000072e800000|  0%| F|  |TAMS 0x000000072e600000, 0x000000072e600000| Untracked 
| 372|0x000000072e800000, 0x000000072e800000, 0x000000072ea00000|  0%| F|  |TAMS 0x000000072e800000, 0x000000072e800000| Untracked 
| 373|0x000000072ea00000, 0x000000072ea00000, 0x000000072ec00000|  0%| F|  |TAMS 0x000000072ea00000, 0x000000072ea00000| Untracked 
| 374|0x000000072ec00000, 0x000000072ec00000, 0x000000072ee00000|  0%| F|  |TAMS 0x000000072ec00000, 0x000000072ec00000| Untracked 
| 375|0x000000072ee00000, 0x000000072ee00000, 0x000000072f000000|  0%| F|  |TAMS 0x000000072ee00000, 0x000000072ee00000| Untracked 
| 376|0x000000072f000000, 0x000000072f000000, 0x000000072f200000|  0%| F|  |TAMS 0x000000072f000000, 0x000000072f000000| Untracked 
| 377|0x000000072f200000, 0x000000072f200000, 0x000000072f400000|  0%| F|  |TAMS 0x000000072f200000, 0x000000072f200000| Untracked 
| 378|0x000000072f400000, 0x000000072f400000, 0x000000072f600000|  0%| F|  |TAMS 0x000000072f400000, 0x000000072f400000| Untracked 
| 379|0x000000072f600000, 0x000000072f600000, 0x000000072f800000|  0%| F|  |TAMS 0x000000072f600000, 0x000000072f600000| Untracked 
| 380|0x000000072f800000, 0x000000072f800000, 0x000000072fa00000|  0%| F|  |TAMS 0x000000072f800000, 0x000000072f800000| Untracked 
| 381|0x000000072fa00000, 0x000000072fa00000, 0x000000072fc00000|  0%| F|  |TAMS 0x000000072fa00000, 0x000000072fa00000| Untracked 
| 382|0x000000072fc00000, 0x000000072fc00000, 0x000000072fe00000|  0%| F|  |TAMS 0x000000072fc00000, 0x000000072fc00000| Untracked 
| 383|0x000000072fe00000, 0x000000072fe00000, 0x0000000730000000|  0%| F|  |TAMS 0x000000072fe00000, 0x000000072fe00000| Untracked 
| 384|0x0000000730000000, 0x0000000730000000, 0x0000000730200000|  0%| F|  |TAMS 0x0000000730000000, 0x0000000730000000| Untracked 
| 385|0x0000000730200000, 0x0000000730200000, 0x0000000730400000|  0%| F|  |TAMS 0x0000000730200000, 0x0000000730200000| Untracked 
| 386|0x0000000730400000, 0x0000000730400000, 0x0000000730600000|  0%| F|  |TAMS 0x0000000730400000, 0x0000000730400000| Untracked 
| 387|0x0000000730600000, 0x0000000730600000, 0x0000000730800000|  0%| F|  |TAMS 0x0000000730600000, 0x0000000730600000| Untracked 
| 388|0x0000000730800000, 0x0000000730800000, 0x0000000730a00000|  0%| F|  |TAMS 0x0000000730800000, 0x0000000730800000| Untracked 
| 389|0x0000000730a00000, 0x0000000730a00000, 0x0000000730c00000|  0%| F|  |TAMS 0x0000000730a00000, 0x0000000730a00000| Untracked 
| 390|0x0000000730c00000, 0x0000000730c00000, 0x0000000730e00000|  0%| F|  |TAMS 0x0000000730c00000, 0x0000000730c00000| Untracked 
| 391|0x0000000730e00000, 0x0000000730e00000, 0x0000000731000000|  0%| F|  |TAMS 0x0000000730e00000, 0x0000000730e00000| Untracked 
| 392|0x0000000731000000, 0x0000000731000000, 0x0000000731200000|  0%| F|  |TAMS 0x0000000731000000, 0x0000000731000000| Untracked 
| 393|0x0000000731200000, 0x0000000731200000, 0x0000000731400000|  0%| F|  |TAMS 0x0000000731200000, 0x0000000731200000| Untracked 
| 394|0x0000000731400000, 0x0000000731400000, 0x0000000731600000|  0%| F|  |TAMS 0x0000000731400000, 0x0000000731400000| Untracked 
| 395|0x0000000731600000, 0x0000000731600000, 0x0000000731800000|  0%| F|  |TAMS 0x0000000731600000, 0x0000000731600000| Untracked 
| 396|0x0000000731800000, 0x0000000731800000, 0x0000000731a00000|  0%| F|  |TAMS 0x0000000731800000, 0x0000000731800000| Untracked 
| 397|0x0000000731a00000, 0x0000000731a00000, 0x0000000731c00000|  0%| F|  |TAMS 0x0000000731a00000, 0x0000000731a00000| Untracked 
| 398|0x0000000731c00000, 0x0000000731c00000, 0x0000000731e00000|  0%| F|  |TAMS 0x0000000731c00000, 0x0000000731c00000| Untracked 
| 399|0x0000000731e00000, 0x0000000731e00000, 0x0000000732000000|  0%| F|  |TAMS 0x0000000731e00000, 0x0000000731e00000| Untracked 
| 400|0x0000000732000000, 0x0000000732000000, 0x0000000732200000|  0%| F|  |TAMS 0x0000000732000000, 0x0000000732000000| Untracked 
| 401|0x0000000732200000, 0x0000000732200000, 0x0000000732400000|  0%| F|  |TAMS 0x0000000732200000, 0x0000000732200000| Untracked 
| 402|0x0000000732400000, 0x0000000732400000, 0x0000000732600000|  0%| F|  |TAMS 0x0000000732400000, 0x0000000732400000| Untracked 
| 403|0x0000000732600000, 0x0000000732600000, 0x0000000732800000|  0%| F|  |TAMS 0x0000000732600000, 0x0000000732600000| Untracked 
| 404|0x0000000732800000, 0x0000000732800000, 0x0000000732a00000|  0%| F|  |TAMS 0x0000000732800000, 0x0000000732800000| Untracked 
| 405|0x0000000732a00000, 0x0000000732a00000, 0x0000000732c00000|  0%| F|  |TAMS 0x0000000732a00000, 0x0000000732a00000| Untracked 
| 406|0x0000000732c00000, 0x0000000732c00000, 0x0000000732e00000|  0%| F|  |TAMS 0x0000000732c00000, 0x0000000732c00000| Untracked 
| 407|0x0000000732e00000, 0x0000000732e00000, 0x0000000733000000|  0%| F|  |TAMS 0x0000000732e00000, 0x0000000732e00000| Untracked 
| 408|0x0000000733000000, 0x0000000733000000, 0x0000000733200000|  0%| F|  |TAMS 0x0000000733000000, 0x0000000733000000| Untracked 
| 409|0x0000000733200000, 0x0000000733200000, 0x0000000733400000|  0%| F|  |TAMS 0x0000000733200000, 0x0000000733200000| Untracked 
| 410|0x0000000733400000, 0x0000000733400000, 0x0000000733600000|  0%| F|  |TAMS 0x0000000733400000, 0x0000000733400000| Untracked 
| 411|0x0000000733600000, 0x0000000733600000, 0x0000000733800000|  0%| F|  |TAMS 0x0000000733600000, 0x0000000733600000| Untracked 
| 412|0x0000000733800000, 0x0000000733800000, 0x0000000733a00000|  0%| F|  |TAMS 0x0000000733800000, 0x0000000733800000| Untracked 
| 413|0x0000000733a00000, 0x0000000733a00000, 0x0000000733c00000|  0%| F|  |TAMS 0x0000000733a00000, 0x0000000733a00000| Untracked 
| 414|0x0000000733c00000, 0x0000000733c00000, 0x0000000733e00000|  0%| F|  |TAMS 0x0000000733c00000, 0x0000000733c00000| Untracked 
| 415|0x0000000733e00000, 0x0000000733e00000, 0x0000000734000000|  0%| F|  |TAMS 0x0000000733e00000, 0x0000000733e00000| Untracked 
| 416|0x0000000734000000, 0x0000000734000000, 0x0000000734200000|  0%| F|  |TAMS 0x0000000734000000, 0x0000000734000000| Untracked 
| 417|0x0000000734200000, 0x0000000734200000, 0x0000000734400000|  0%| F|  |TAMS 0x0000000734200000, 0x0000000734200000| Untracked 
| 418|0x0000000734400000, 0x0000000734400000, 0x0000000734600000|  0%| F|  |TAMS 0x0000000734400000, 0x0000000734400000| Untracked 
| 419|0x0000000734600000, 0x0000000734600000, 0x0000000734800000|  0%| F|  |TAMS 0x0000000734600000, 0x0000000734600000| Untracked 
| 420|0x0000000734800000, 0x0000000734800000, 0x0000000734a00000|  0%| F|  |TAMS 0x0000000734800000, 0x0000000734800000| Untracked 
| 421|0x0000000734a00000, 0x0000000734a00000, 0x0000000734c00000|  0%| F|  |TAMS 0x0000000734a00000, 0x0000000734a00000| Untracked 
| 422|0x0000000734c00000, 0x0000000734c00000, 0x0000000734e00000|  0%| F|  |TAMS 0x0000000734c00000, 0x0000000734c00000| Untracked 
| 423|0x0000000734e00000, 0x0000000734e00000, 0x0000000735000000|  0%| F|  |TAMS 0x0000000734e00000, 0x0000000734e00000| Untracked 
| 424|0x0000000735000000, 0x0000000735000000, 0x0000000735200000|  0%| F|  |TAMS 0x0000000735000000, 0x0000000735000000| Untracked 
| 425|0x0000000735200000, 0x0000000735200000, 0x0000000735400000|  0%| F|  |TAMS 0x0000000735200000, 0x0000000735200000| Untracked 
| 426|0x0000000735400000, 0x0000000735400000, 0x0000000735600000|  0%| F|  |TAMS 0x0000000735400000, 0x0000000735400000| Untracked 
| 427|0x0000000735600000, 0x0000000735600000, 0x0000000735800000|  0%| F|  |TAMS 0x0000000735600000, 0x0000000735600000| Untracked 
| 428|0x0000000735800000, 0x0000000735800000, 0x0000000735a00000|  0%| F|  |TAMS 0x0000000735800000, 0x0000000735800000| Untracked 
| 429|0x0000000735a00000, 0x0000000735a00000, 0x0000000735c00000|  0%| F|  |TAMS 0x0000000735a00000, 0x0000000735a00000| Untracked 
| 430|0x0000000735c00000, 0x0000000735c00000, 0x0000000735e00000|  0%| F|  |TAMS 0x0000000735c00000, 0x0000000735c00000| Untracked 
| 431|0x0000000735e00000, 0x0000000735e00000, 0x0000000736000000|  0%| F|  |TAMS 0x0000000735e00000, 0x0000000735e00000| Untracked 
| 432|0x0000000736000000, 0x0000000736000000, 0x0000000736200000|  0%| F|  |TAMS 0x0000000736000000, 0x0000000736000000| Untracked 
| 433|0x0000000736200000, 0x0000000736200000, 0x0000000736400000|  0%| F|  |TAMS 0x0000000736200000, 0x0000000736200000| Untracked 
| 434|0x0000000736400000, 0x0000000736400000, 0x0000000736600000|  0%| F|  |TAMS 0x0000000736400000, 0x0000000736400000| Untracked 
| 435|0x0000000736600000, 0x0000000736600000, 0x0000000736800000|  0%| F|  |TAMS 0x0000000736600000, 0x0000000736600000| Untracked 
| 436|0x0000000736800000, 0x0000000736800000, 0x0000000736a00000|  0%| F|  |TAMS 0x0000000736800000, 0x0000000736800000| Untracked 
| 437|0x0000000736a00000, 0x0000000736a00000, 0x0000000736c00000|  0%| F|  |TAMS 0x0000000736a00000, 0x0000000736a00000| Untracked 
| 438|0x0000000736c00000, 0x0000000736c00000, 0x0000000736e00000|  0%| F|  |TAMS 0x0000000736c00000, 0x0000000736c00000| Untracked 
| 439|0x0000000736e00000, 0x0000000736e00000, 0x0000000737000000|  0%| F|  |TAMS 0x0000000736e00000, 0x0000000736e00000| Untracked 
| 440|0x0000000737000000, 0x0000000737000000, 0x0000000737200000|  0%| F|  |TAMS 0x0000000737000000, 0x0000000737000000| Untracked 
| 441|0x0000000737200000, 0x0000000737200000, 0x0000000737400000|  0%| F|  |TAMS 0x0000000737200000, 0x0000000737200000| Untracked 
| 442|0x0000000737400000, 0x0000000737400000, 0x0000000737600000|  0%| F|  |TAMS 0x0000000737400000, 0x0000000737400000| Untracked 
| 443|0x0000000737600000, 0x0000000737600000, 0x0000000737800000|  0%| F|  |TAMS 0x0000000737600000, 0x0000000737600000| Untracked 
| 444|0x0000000737800000, 0x0000000737800000, 0x0000000737a00000|  0%| F|  |TAMS 0x0000000737800000, 0x0000000737800000| Untracked 
| 445|0x0000000737a00000, 0x0000000737a00000, 0x0000000737c00000|  0%| F|  |TAMS 0x0000000737a00000, 0x0000000737a00000| Untracked 
| 446|0x0000000737c00000, 0x0000000737c00000, 0x0000000737e00000|  0%| F|  |TAMS 0x0000000737c00000, 0x0000000737c00000| Untracked 
| 447|0x0000000737e00000, 0x0000000737e00000, 0x0000000738000000|  0%| F|  |TAMS 0x0000000737e00000, 0x0000000737e00000| Untracked 
| 448|0x0000000738000000, 0x0000000738000000, 0x0000000738200000|  0%| F|  |TAMS 0x0000000738000000, 0x0000000738000000| Untracked 
| 449|0x0000000738200000, 0x0000000738200000, 0x0000000738400000|  0%| F|  |TAMS 0x0000000738200000, 0x0000000738200000| Untracked 
| 450|0x0000000738400000, 0x0000000738400000, 0x0000000738600000|  0%| F|  |TAMS 0x0000000738400000, 0x0000000738400000| Untracked 
| 451|0x0000000738600000, 0x0000000738600000, 0x0000000738800000|  0%| F|  |TAMS 0x0000000738600000, 0x0000000738600000| Untracked 
| 452|0x0000000738800000, 0x0000000738800000, 0x0000000738a00000|  0%| F|  |TAMS 0x0000000738800000, 0x0000000738800000| Untracked 
| 453|0x0000000738a00000, 0x0000000738a00000, 0x0000000738c00000|  0%| F|  |TAMS 0x0000000738a00000, 0x0000000738a00000| Untracked 
| 454|0x0000000738c00000, 0x0000000738c00000, 0x0000000738e00000|  0%| F|  |TAMS 0x0000000738c00000, 0x0000000738c00000| Untracked 
| 455|0x0000000738e00000, 0x0000000738e00000, 0x0000000739000000|  0%| F|  |TAMS 0x0000000738e00000, 0x0000000738e00000| Untracked 
| 456|0x0000000739000000, 0x0000000739000000, 0x0000000739200000|  0%| F|  |TAMS 0x0000000739000000, 0x0000000739000000| Untracked 
| 457|0x0000000739200000, 0x0000000739200000, 0x0000000739400000|  0%| F|  |TAMS 0x0000000739200000, 0x0000000739200000| Untracked 
| 458|0x0000000739400000, 0x0000000739400000, 0x0000000739600000|  0%| F|  |TAMS 0x0000000739400000, 0x0000000739400000| Untracked 
| 459|0x0000000739600000, 0x0000000739600000, 0x0000000739800000|  0%| F|  |TAMS 0x0000000739600000, 0x0000000739600000| Untracked 
| 460|0x0000000739800000, 0x00000007399af220, 0x0000000739a00000| 84%| S|CS|TAMS 0x0000000739800000, 0x0000000739800000| Complete 
| 461|0x0000000739a00000, 0x0000000739c00000, 0x0000000739c00000|100%| S|CS|TAMS 0x0000000739a00000, 0x0000000739a00000| Complete 
| 462|0x0000000739c00000, 0x0000000739c00000, 0x0000000739e00000|  0%| F|  |TAMS 0x0000000739c00000, 0x0000000739c00000| Untracked 
| 463|0x0000000739e00000, 0x0000000739e00000, 0x000000073a000000|  0%| F|  |TAMS 0x0000000739e00000, 0x0000000739e00000| Untracked 
| 464|0x000000073a000000, 0x000000073a000000, 0x000000073a200000|  0%| F|  |TAMS 0x000000073a000000, 0x000000073a000000| Untracked 
| 465|0x000000073a200000, 0x000000073a200000, 0x000000073a400000|  0%| F|  |TAMS 0x000000073a200000, 0x000000073a200000| Untracked 
| 466|0x000000073a400000, 0x000000073a400000, 0x000000073a600000|  0%| F|  |TAMS 0x000000073a400000, 0x000000073a400000| Untracked 
| 467|0x000000073a600000, 0x000000073a600000, 0x000000073a800000|  0%| F|  |TAMS 0x000000073a600000, 0x000000073a600000| Untracked 
| 468|0x000000073a800000, 0x000000073a800000, 0x000000073aa00000|  0%| F|  |TAMS 0x000000073a800000, 0x000000073a800000| Untracked 
| 469|0x000000073aa00000, 0x000000073aa00000, 0x000000073ac00000|  0%| F|  |TAMS 0x000000073aa00000, 0x000000073aa00000| Untracked 
| 470|0x000000073ac00000, 0x000000073ac00000, 0x000000073ae00000|  0%| F|  |TAMS 0x000000073ac00000, 0x000000073ac00000| Untracked 
| 471|0x000000073ae00000, 0x000000073ae00000, 0x000000073b000000|  0%| F|  |TAMS 0x000000073ae00000, 0x000000073ae00000| Untracked 
| 472|0x000000073b000000, 0x000000073b000000, 0x000000073b200000|  0%| F|  |TAMS 0x000000073b000000, 0x000000073b000000| Untracked 
| 473|0x000000073b200000, 0x000000073b200000, 0x000000073b400000|  0%| F|  |TAMS 0x000000073b200000, 0x000000073b200000| Untracked 
| 474|0x000000073b400000, 0x000000073b400000, 0x000000073b600000|  0%| F|  |TAMS 0x000000073b400000, 0x000000073b400000| Untracked 
| 475|0x000000073b600000, 0x000000073b600000, 0x000000073b800000|  0%| F|  |TAMS 0x000000073b600000, 0x000000073b600000| Untracked 
| 476|0x000000073b800000, 0x000000073b800000, 0x000000073ba00000|  0%| F|  |TAMS 0x000000073b800000, 0x000000073b800000| Untracked 
| 477|0x000000073ba00000, 0x000000073ba00000, 0x000000073bc00000|  0%| F|  |TAMS 0x000000073ba00000, 0x000000073ba00000| Untracked 
| 478|0x000000073bc00000, 0x000000073bc00000, 0x000000073be00000|  0%| F|  |TAMS 0x000000073bc00000, 0x000000073bc00000| Untracked 
| 479|0x000000073be00000, 0x000000073be00000, 0x000000073c000000|  0%| F|  |TAMS 0x000000073be00000, 0x000000073be00000| Untracked 
| 480|0x000000073c000000, 0x000000073c000000, 0x000000073c200000|  0%| F|  |TAMS 0x000000073c000000, 0x000000073c000000| Untracked 
| 481|0x000000073c200000, 0x000000073c200000, 0x000000073c400000|  0%| F|  |TAMS 0x000000073c200000, 0x000000073c200000| Untracked 
| 482|0x000000073c400000, 0x000000073c400000, 0x000000073c600000|  0%| F|  |TAMS 0x000000073c400000, 0x000000073c400000| Untracked 
| 483|0x000000073c600000, 0x000000073c600000, 0x000000073c800000|  0%| F|  |TAMS 0x000000073c600000, 0x000000073c600000| Untracked 
| 484|0x000000073c800000, 0x000000073c800000, 0x000000073ca00000|  0%| F|  |TAMS 0x000000073c800000, 0x000000073c800000| Untracked 
| 485|0x000000073ca00000, 0x000000073ca00000, 0x000000073cc00000|  0%| F|  |TAMS 0x000000073ca00000, 0x000000073ca00000| Untracked 
| 486|0x000000073cc00000, 0x000000073cc00000, 0x000000073ce00000|  0%| F|  |TAMS 0x000000073cc00000, 0x000000073cc00000| Untracked 
| 487|0x000000073ce00000, 0x000000073ce00000, 0x000000073d000000|  0%| F|  |TAMS 0x000000073ce00000, 0x000000073ce00000| Untracked 
| 488|0x000000073d000000, 0x000000073d000000, 0x000000073d200000|  0%| F|  |TAMS 0x000000073d000000, 0x000000073d000000| Untracked 
| 489|0x000000073d200000, 0x000000073d200000, 0x000000073d400000|  0%| F|  |TAMS 0x000000073d200000, 0x000000073d200000| Untracked 
| 490|0x000000073d400000, 0x000000073d400000, 0x000000073d600000|  0%| F|  |TAMS 0x000000073d400000, 0x000000073d400000| Untracked 
| 491|0x000000073d600000, 0x000000073d600000, 0x000000073d800000|  0%| F|  |TAMS 0x000000073d600000, 0x000000073d600000| Untracked 
| 492|0x000000073d800000, 0x000000073d800000, 0x000000073da00000|  0%| F|  |TAMS 0x000000073d800000, 0x000000073d800000| Untracked 
| 493|0x000000073da00000, 0x000000073da00000, 0x000000073dc00000|  0%| F|  |TAMS 0x000000073da00000, 0x000000073da00000| Untracked 
| 494|0x000000073dc00000, 0x000000073dc00000, 0x000000073de00000|  0%| F|  |TAMS 0x000000073dc00000, 0x000000073dc00000| Untracked 
| 495|0x000000073de00000, 0x000000073de00000, 0x000000073e000000|  0%| F|  |TAMS 0x000000073de00000, 0x000000073de00000| Untracked 
| 496|0x000000073e000000, 0x000000073e000000, 0x000000073e200000|  0%| F|  |TAMS 0x000000073e000000, 0x000000073e000000| Untracked 
| 497|0x000000073e200000, 0x000000073e200000, 0x000000073e400000|  0%| F|  |TAMS 0x000000073e200000, 0x000000073e200000| Untracked 
| 498|0x000000073e400000, 0x000000073e400000, 0x000000073e600000|  0%| F|  |TAMS 0x000000073e400000, 0x000000073e400000| Untracked 
| 499|0x000000073e600000, 0x000000073e600000, 0x000000073e800000|  0%| F|  |TAMS 0x000000073e600000, 0x000000073e600000| Untracked 
| 500|0x000000073e800000, 0x000000073e800000, 0x000000073ea00000|  0%| F|  |TAMS 0x000000073e800000, 0x000000073e800000| Untracked 
| 501|0x000000073ea00000, 0x000000073ea00000, 0x000000073ec00000|  0%| F|  |TAMS 0x000000073ea00000, 0x000000073ea00000| Untracked 
| 502|0x000000073ec00000, 0x000000073ec00000, 0x000000073ee00000|  0%| F|  |TAMS 0x000000073ec00000, 0x000000073ec00000| Untracked 
| 503|0x000000073ee00000, 0x000000073ee00000, 0x000000073f000000|  0%| F|  |TAMS 0x000000073ee00000, 0x000000073ee00000| Untracked 
| 504|0x000000073f000000, 0x000000073f000000, 0x000000073f200000|  0%| F|  |TAMS 0x000000073f000000, 0x000000073f000000| Untracked 
| 505|0x000000073f200000, 0x000000073f200000, 0x000000073f400000|  0%| F|  |TAMS 0x000000073f200000, 0x000000073f200000| Untracked 
| 506|0x000000073f400000, 0x000000073f400000, 0x000000073f600000|  0%| F|  |TAMS 0x000000073f400000, 0x000000073f400000| Untracked 
| 507|0x000000073f600000, 0x000000073f600000, 0x000000073f800000|  0%| F|  |TAMS 0x000000073f600000, 0x000000073f600000| Untracked 

Card table byte_map: [0x000001af98f00000,0x000001af99700000] _byte_map_base: 0x000001af95700000

Marking Bits (Prev, Next): (CMBitMap*) 0x000001affff1e0f0, (CMBitMap*) 0x000001affff1e0b0
 Prev Bits: [0x000001af9df00000, 0x000001afa1f00000)
 Next Bits: [0x000001af99f00000, 0x000001af9df00000)

Polling page: 0x000001afffe50000

Metaspace:

Usage:
  Non-class:    135.82 MB used.
      Class:     19.42 MB used.
       Both:    155.24 MB used.

Virtual space:
  Non-class space:      192.00 MB reserved,     136.25 MB ( 71%) committed,  3 nodes.
      Class space:        1.00 GB reserved,      19.81 MB (  2%) committed,  1 nodes.
             Both:        1.19 GB reserved,     156.06 MB ( 13%) committed. 

Chunk freelists:
   Non-Class:  7.62 MB
       Class:  12.02 MB
        Both:  19.64 MB

MaxMetaspaceSize: 2.00 GB
CompressedClassSpaceSize: 1.00 GB
Initial GC threshold: 21.00 MB
Current GC threshold: 183.44 MB
CDS: on
MetaspaceReclaimPolicy: balanced
 - commit_granule_bytes: 65536.
 - commit_granule_words: 8192.
 - virtual_space_node_default_size: 8388608.
 - enlarge_chunks_in_place: 1.
 - new_chunks_are_fully_committed: 0.
 - uncommit_free_chunks: 1.
 - use_allocation_guard: 0.
 - handle_deallocations: 1.


Internal statistics:

num_allocs_failed_limit: 12.
num_arena_births: 1228.
num_arena_deaths: 2.
num_vsnodes_births: 4.
num_vsnodes_deaths: 0.
num_space_committed: 2495.
num_space_uncommitted: 0.
num_chunks_returned_to_freelist: 18.
num_chunks_taken_from_freelist: 7108.
num_chunk_merges: 13.
num_chunk_splits: 5237.
num_chunks_enlarged: 4058.
num_inconsistent_stats: 0.

CodeHeap 'non-profiled nmethods': size=120000Kb used=17752Kb max_used=17819Kb free=102247Kb
 bounds [0x000001af90bb0000, 0x000001af91d20000, 0x000001af980e0000]
CodeHeap 'profiled nmethods': size=120000Kb used=43575Kb max_used=43836Kb free=76424Kb
 bounds [0x000001af890e0000, 0x000001af8bbc0000, 0x000001af90610000]
CodeHeap 'non-nmethods': size=5760Kb used=2646Kb max_used=2693Kb free=3113Kb
 bounds [0x000001af90610000, 0x000001af908e0000, 0x000001af90bb0000]
 total_blobs=22270 nmethods=21068 adapters=1111
 compilation: enabled
              stopped_count=0, restarted_count=0
 full_count=0

Compilation events (20 events):
Event: 367.738 Thread 0x000001afa44e1c90 nmethod 27158 0x000001af8a6a5210 code [0x000001af8a6a53a0, 0x000001af8a6a54b8]
Event: 367.816 Thread 0x000001afa44e1c90 27159       3       java.util.zip.ZipFile$Source::close (50 bytes)
Event: 367.822 Thread 0x000001afa44e1c90 nmethod 27159 0x000001af8af0e410 code [0x000001af8af0e5c0, 0x000001af8af0e8a8]
Event: 368.234 Thread 0x000001afa44d7750 27160       4       org.gradle.internal.snapshot.AbstractIncompleteFileSystemNode$2::handleAsDescendantOfChild (10 bytes)
Event: 368.240 Thread 0x000001afa44d7750 nmethod 27160 0x000001af91c08290 code [0x000001af91c08440, 0x000001af91c08838]
Event: 368.241 Thread 0x000001afa44d7750 27161       4       org.gradle.internal.snapshot.AbstractIncompleteFileSystemNode$2::handleAsDescendantOfChild (20 bytes)
Event: 368.244 Thread 0x000001afa44d7750 nmethod 27161 0x000001af91c07a90 code [0x000001af91c07c40, 0x000001af91c08018]
Event: 368.244 Thread 0x000001afa44e1c90 27162       3       org.gradle.internal.Deferrable::deferred (9 bytes)
Event: 368.248 Thread 0x000001afa44e1c90 nmethod 27162 0x000001af8a546a90 code [0x000001af8a546c40, 0x000001af8a546eb8]
Event: 368.249 Thread 0x000001afa44e1c90 27163       3       org.gradle.internal.Deferrable$3::<init> (10 bytes)
Event: 368.249 Thread 0x000001afa44e1c90 nmethod 27163 0x000001af8a47b990 code [0x000001af8a47bb40, 0x000001af8a47bd18]
Event: 368.249 Thread 0x000001afa44e1c90 27164       3       org.gradle.internal.Deferrable$1::getCompleted (23 bytes)
Event: 368.251 Thread 0x000001afa44e1c90 nmethod 27164 0x000001af8a132210 code [0x000001af8a1324a0, 0x000001af8a133238]
Event: 368.251 Thread 0x000001afa44e1c90 27165       3       org.gradle.internal.Deferrable$1$$Lambda$1594/0x000001afa6fafd10::<init> (15 bytes)
Event: 368.252 Thread 0x000001afa44e1c90 nmethod 27165 0x000001af8a63c690 code [0x000001af8a63c840, 0x000001af8a63ca78]
Event: 368.264 Thread 0x000001afa44d7750 27166       4       org.gradle.internal.snapshot.VfsRelativePath::lengthOfCommonPrefix (173 bytes)
Event: 368.265 Thread 0x000001afa44e1c90 27167       3       org.gradle.api.internal.file.EmptyFileCollection::visitContents (1 bytes)
Event: 368.267 Thread 0x000001afa44e1c90 nmethod 27167 0x000001af8a70be90 code [0x000001af8a70c020, 0x000001af8a70c138]
Event: 368.279 Thread 0x000001afa44e1c90 27168       3       org.gradle.api.internal.artifacts.transform.DefaultTransformInvocationFactory::createInvocation (273 bytes)
Event: 368.305 Thread 0x000001afa44d7750 nmethod 27166 0x000001af91c06310 code [0x000001af91c06500, 0x000001af91c07178]

GC Heap History (20 events):
Event: 178.923 GC heap after
{Heap after GC invocations=106 (full 0):
 garbage-first heap   total 1040384K, used 194253K [0x0000000700000000, 0x0000000800000000)
  region size 2048K, 5 young (10240K), 5 survivors (10240K)
 Metaspace       used 152829K, committed 153600K, reserved 1245184K
  class space    used 19170K, committed 19520K, reserved 1048576K
}
Event: 190.582 GC heap before
{Heap before GC invocations=106 (full 0):
 garbage-first heap   total 1040384K, used 806605K [0x0000000700000000, 0x0000000800000000)
  region size 2048K, 304 young (622592K), 5 survivors (10240K)
 Metaspace       used 152832K, committed 153600K, reserved 1245184K
  class space    used 19170K, committed 19520K, reserved 1048576K
}
Event: 191.492 GC heap after
{Heap after GC invocations=107 (full 0):
 garbage-first heap   total 1040384K, used 201456K [0x0000000700000000, 0x0000000800000000)
  region size 2048K, 9 young (18432K), 9 survivors (18432K)
 Metaspace       used 152832K, committed 153600K, reserved 1245184K
  class space    used 19170K, committed 19520K, reserved 1048576K
}
Event: 192.251 GC heap before
{Heap before GC invocations=107 (full 0):
 garbage-first heap   total 1040384K, used 234224K [0x0000000700000000, 0x0000000800000000)
  region size 2048K, 25 young (51200K), 9 survivors (18432K)
 Metaspace       used 152832K, committed 153600K, reserved 1245184K
  class space    used 19170K, committed 19520K, reserved 1048576K
}
Event: 192.435 GC heap after
{Heap after GC invocations=108 (full 0):
 garbage-first heap   total 1040384K, used 203359K [0x0000000700000000, 0x0000000800000000)
  region size 2048K, 2 young (4096K), 2 survivors (4096K)
 Metaspace       used 152832K, committed 153600K, reserved 1245184K
  class space    used 19170K, committed 19520K, reserved 1048576K
}
Event: 195.979 GC heap before
{Heap before GC invocations=108 (full 0):
 garbage-first heap   total 1040384K, used 535135K [0x0000000700000000, 0x0000000800000000)
  region size 2048K, 164 young (335872K), 2 survivors (4096K)
 Metaspace       used 152863K, committed 153600K, reserved 1245184K
  class space    used 19174K, committed 19520K, reserved 1048576K
}
Event: 196.033 GC heap after
{Heap after GC invocations=109 (full 0):
 garbage-first heap   total 1040384K, used 200764K [0x0000000700000000, 0x0000000800000000)
  region size 2048K, 4 young (8192K), 4 survivors (8192K)
 Metaspace       used 152863K, committed 153600K, reserved 1245184K
  class space    used 19174K, committed 19520K, reserved 1048576K
}
Event: 196.850 GC heap before
{Heap before GC invocations=109 (full 0):
 garbage-first heap   total 1040384K, used 358460K [0x0000000700000000, 0x0000000800000000)
  region size 2048K, 81 young (165888K), 4 survivors (8192K)
 Metaspace       used 152863K, committed 153600K, reserved 1245184K
  class space    used 19174K, committed 19520K, reserved 1048576K
}
Event: 196.860 GC heap after
{Heap after GC invocations=110 (full 0):
 garbage-first heap   total 1040384K, used 202151K [0x0000000700000000, 0x0000000800000000)
  region size 2048K, 4 young (8192K), 4 survivors (8192K)
 Metaspace       used 152863K, committed 153600K, reserved 1245184K
  class space    used 19174K, committed 19520K, reserved 1048576K
}
Event: 322.664 GC heap before
{Heap before GC invocations=110 (full 0):
 garbage-first heap   total 1040384K, used 517543K [0x0000000700000000, 0x0000000800000000)
  region size 2048K, 158 young (323584K), 4 survivors (8192K)
 Metaspace       used 158403K, committed 159232K, reserved 1245184K
  class space    used 19874K, committed 20288K, reserved 1048576K
}
Event: 322.967 GC heap after
{Heap after GC invocations=111 (full 0):
 garbage-first heap   total 1040384K, used 206036K [0x0000000700000000, 0x0000000800000000)
  region size 2048K, 6 young (12288K), 6 survivors (12288K)
 Metaspace       used 158403K, committed 159232K, reserved 1245184K
  class space    used 19874K, committed 20288K, reserved 1048576K
}
Event: 330.413 GC heap before
{Heap before GC invocations=111 (full 0):
 garbage-first heap   total 1040384K, used 251092K [0x0000000700000000, 0x0000000800000000)
  region size 2048K, 28 young (57344K), 6 survivors (12288K)
 Metaspace       used 158639K, committed 159488K, reserved 1245184K
  class space    used 19875K, committed 20288K, reserved 1048576K
}
Event: 330.545 GC heap after
{Heap after GC invocations=112 (full 0):
 garbage-first heap   total 1040384K, used 207529K [0x0000000700000000, 0x0000000800000000)
  region size 2048K, 2 young (4096K), 2 survivors (4096K)
 Metaspace       used 158639K, committed 159488K, reserved 1245184K
  class space    used 19875K, committed 20288K, reserved 1048576K
}
Event: 362.261 GC heap before
{Heap before GC invocations=112 (full 0):
 garbage-first heap   total 1040384K, used 445097K [0x0000000700000000, 0x0000000800000000)
  region size 2048K, 118 young (241664K), 2 survivors (4096K)
 Metaspace       used 158944K, committed 159808K, reserved 1245184K
  class space    used 19884K, committed 20288K, reserved 1048576K
}
Event: 362.590 GC heap after
{Heap after GC invocations=113 (full 0):
 garbage-first heap   total 1040384K, used 221730K [0x0000000700000000, 0x0000000800000000)
  region size 2048K, 8 young (16384K), 8 survivors (16384K)
 Metaspace       used 158944K, committed 159808K, reserved 1245184K
  class space    used 19884K, committed 20288K, reserved 1048576K
}
Event: 363.082 GC heap before
{Heap before GC invocations=113 (full 0):
 garbage-first heap   total 1040384K, used 256546K [0x0000000700000000, 0x0000000800000000)
  region size 2048K, 25 young (51200K), 8 survivors (16384K)
 Metaspace       used 158944K, committed 159808K, reserved 1245184K
  class space    used 19884K, committed 20288K, reserved 1048576K
}
Event: 363.171 GC heap after
{Heap after GC invocations=114 (full 0):
 garbage-first heap   total 1040384K, used 223311K [0x0000000700000000, 0x0000000800000000)
  region size 2048K, 1 young (2048K), 1 survivors (2048K)
 Metaspace       used 158944K, committed 159808K, reserved 1245184K
  class space    used 19884K, committed 20288K, reserved 1048576K
}
Event: 366.808 GC heap before
{Heap before GC invocations=114 (full 0):
 garbage-first heap   total 1040384K, used 559183K [0x0000000700000000, 0x0000000800000000)
  region size 2048K, 166 young (339968K), 1 survivors (2048K)
 Metaspace       used 158951K, committed 159808K, reserved 1245184K
  class space    used 19884K, committed 20288K, reserved 1048576K
}
Event: 366.976 GC heap after
{Heap after GC invocations=115 (full 0):
 garbage-first heap   total 1040384K, used 232665K [0x0000000700000000, 0x0000000800000000)
  region size 2048K, 6 young (12288K), 6 survivors (12288K)
 Metaspace       used 158951K, committed 159808K, reserved 1245184K
  class space    used 19884K, committed 20288K, reserved 1048576K
}
Event: 368.331 GC heap before
{Heap before GC invocations=115 (full 0):
 garbage-first heap   total 1040384K, used 326873K [0x0000000700000000, 0x0000000800000000)
  region size 2048K, 52 young (106496K), 6 survivors (12288K)
 Metaspace       used 158965K, committed 159808K, reserved 1245184K
  class space    used 19884K, committed 20288K, reserved 1048576K
}

Dll operation events (16 events):
Event: 0.008 Loaded shared library C:\dev\maxima\.toolchain\jdk17\jdk-17.0.20.1+1\bin\java.dll
Event: 0.033 Loaded shared library C:\dev\maxima\.toolchain\jdk17\jdk-17.0.20.1+1\bin\jsvml.dll
Event: 0.082 Loaded shared library C:\dev\maxima\.toolchain\jdk17\jdk-17.0.20.1+1\bin\zip.dll
Event: 0.084 Loaded shared library C:\dev\maxima\.toolchain\jdk17\jdk-17.0.20.1+1\bin\instrument.dll
Event: 0.089 Loaded shared library C:\dev\maxima\.toolchain\jdk17\jdk-17.0.20.1+1\bin\net.dll
Event: 0.091 Loaded shared library C:\dev\maxima\.toolchain\jdk17\jdk-17.0.20.1+1\bin\nio.dll
Event: 0.093 Loaded shared library C:\dev\maxima\.toolchain\jdk17\jdk-17.0.20.1+1\bin\zip.dll
Event: 0.414 Loaded shared library C:\dev\maxima\.toolchain\jdk17\jdk-17.0.20.1+1\bin\jimage.dll
Event: 0.581 Loaded shared library C:\dev\maxima\.toolchain\jdk17\jdk-17.0.20.1+1\bin\verify.dll
Event: 0.830 Loaded shared library C:\Users\eveli\.gradle\native\c067742578af261105cb4f569cf0c3c89f3d7b1fecec35dd04571415982c5e48\windows-amd64\native-platform.dll
Event: 1.224 Loaded shared library C:\Users\eveli\.gradle\native\100fb08df4bc3b14c8652ba06237920a3bd2aa13389f12d3474272988ae205f9\windows-amd64\native-platform-file-events.dll
Event: 10.963 Loaded shared library C:\dev\maxima\.toolchain\jdk17\jdk-17.0.20.1+1\bin\management.dll
Event: 10.966 Loaded shared library C:\dev\maxima\.toolchain\jdk17\jdk-17.0.20.1+1\bin\management_ext.dll
Event: 11.175 Loaded shared library C:\dev\maxima\.toolchain\jdk17\jdk-17.0.20.1+1\bin\extnet.dll
Event: 11.497 Loaded shared library C:\dev\maxima\.toolchain\jdk17\jdk-17.0.20.1+1\bin\sunmscapi.dll
Event: 203.282 Loaded shared library C:\dev\maxima\.toolchain\jdk17\jdk-17.0.20.1+1\bin\rmi.dll

Deoptimization events (20 events):
Event: 360.826 Thread 0x000001afa495cd60 DEOPT PACKING pc=0x000001af9146c318 sp=0x0000000d217f6ec0
Event: 360.826 Thread 0x000001afa495cd60 DEOPT UNPACKING pc=0x000001af9066a1a3 sp=0x0000000d217f6e80 mode 2
Event: 361.132 Thread 0x000001affc92c570 Uncommon trap: trap_request=0xfffffff4 fr.pc=0x000001af919adaf8 relative=0x00000000000000d8
Event: 361.132 Thread 0x000001affc92c570 Uncommon trap: reason=null_check action=make_not_entrant pc=0x000001af919adaf8 method=org.gradle.tooling.internal.provider.runner.ClientBuildEventGenerator$Disabled.accept(Lorg/gradle/internal/operations/BuildOperationDescriptor;)Lorg/gradle/tooling/inter
Event: 361.132 Thread 0x000001affc92c570 DEOPT PACKING pc=0x000001af919adaf8 sp=0x0000000d253fe8a0
Event: 361.132 Thread 0x000001affc92c570 DEOPT UNPACKING pc=0x000001af9066a1a3 sp=0x0000000d253fe828 mode 2
Event: 364.955 Thread 0x000001afef95eff0 Uncommon trap: trap_request=0xffffffbe fr.pc=0x000001af9147124c relative=0x00000000000019cc
Event: 364.956 Thread 0x000001afef95eff0 Uncommon trap: reason=profile_predicate action=maybe_recompile pc=0x000001af9147124c method=com.google.common.collect.MapMakerInternalMap$Segment.expand()V @ 59 c2
Event: 364.956 Thread 0x000001afef95eff0 DEOPT PACKING pc=0x000001af9147124c sp=0x0000000d254faa90
Event: 364.956 Thread 0x000001afef95eff0 DEOPT UNPACKING pc=0x000001af9066a1a3 sp=0x0000000d254faa38 mode 2
Event: 365.054 Thread 0x000001afed863a80 DEOPT PACKING pc=0x000001af8aa24d0a sp=0x0000000d256fba60
Event: 365.055 Thread 0x000001afed863a80 DEOPT UNPACKING pc=0x000001af9066ace3 sp=0x0000000d256faf28 mode 0
Event: 365.293 Thread 0x000001afef95eff0 Uncommon trap: trap_request=0xffffffbe fr.pc=0x000001af9147124c relative=0x00000000000019cc
Event: 365.293 Thread 0x000001afef95eff0 Uncommon trap: reason=profile_predicate action=maybe_recompile pc=0x000001af9147124c method=com.google.common.collect.MapMakerInternalMap$Segment.expand()V @ 59 c2
Event: 365.293 Thread 0x000001afef95eff0 DEOPT PACKING pc=0x000001af9147124c sp=0x0000000d254fbb20
Event: 365.293 Thread 0x000001afef95eff0 DEOPT UNPACKING pc=0x000001af9066a1a3 sp=0x0000000d254fbac8 mode 2
Event: 365.515 Thread 0x000001afa495cd60 Uncommon trap: trap_request=0xffffff45 fr.pc=0x000001af90fe0e98 relative=0x0000000000000b98
Event: 365.519 Thread 0x000001afa495cd60 Uncommon trap: reason=unstable_if action=reinterpret pc=0x000001af90fe0e98 method=org.gradle.internal.snapshot.PathUtil.equalChars(CCLorg/gradle/internal/snapshot/CaseSensitivity;)Z @ 11 c2
Event: 365.519 Thread 0x000001afa495cd60 DEOPT PACKING pc=0x000001af90fe0e98 sp=0x0000000d217f4270
Event: 365.519 Thread 0x000001afa495cd60 DEOPT UNPACKING pc=0x000001af9066a1a3 sp=0x0000000d217f4190 mode 2

Classes loaded (20 events):
Event: 248.336 Loading class java/util/Collections$EmptyListIterator
Event: 248.337 Loading class java/util/Collections$EmptyListIterator done
Event: 314.989 Loading class sun/net/ProgressMonitor
Event: 315.022 Loading class sun/net/ProgressMonitor done
Event: 315.022 Loading class sun/net/DefaultProgressMeteringPolicy
Event: 315.023 Loading class sun/net/ProgressMeteringPolicy
Event: 315.025 Loading class sun/net/ProgressMeteringPolicy done
Event: 315.025 Loading class sun/net/DefaultProgressMeteringPolicy done
Event: 315.128 Loading class java/util/concurrent/ConcurrentLinkedQueue$Itr
Event: 315.134 Loading class java/util/concurrent/ConcurrentLinkedQueue$Itr done
Event: 319.047 Loading class com/sun/org/apache/xerces/internal/util/EncodingMap
Event: 319.192 Loading class com/sun/org/apache/xerces/internal/util/EncodingMap done
Event: 319.228 Loading class sun/nio/cs/ISO_8859_1$Decoder
Event: 319.230 Loading class sun/nio/cs/ISO_8859_1$Decoder done
Event: 322.982 Loading class sun/rmi/transport/DGCClient$EndpointEntry$CleanRequest
Event: 323.015 Loading class sun/rmi/transport/DGCClient$EndpointEntry$CleanRequest done
Event: 332.407 Loading class java/util/Collections$ReverseComparator
Event: 332.419 Loading class java/util/Collections$ReverseComparator done
Event: 332.420 Loading class java/util/Collections$ReverseComparator2
Event: 332.426 Loading class java/util/Collections$ReverseComparator2 done

Classes unloaded (5 events):
Event: 52.130 Thread 0x000001afa44b4af0 Unloading class 0x000001afa6575000 '_BuildScript_$_run_closure2'
Event: 52.130 Thread 0x000001afa44b4af0 Unloading class 0x000001afa656c400 '_BuildScript_$_run_closure1$_closure4'
Event: 52.130 Thread 0x000001afa44b4af0 Unloading class 0x000001afa6574918 '_BuildScript_$_run_closure1$_closure3'
Event: 52.130 Thread 0x000001afa44b4af0 Unloading class 0x000001afa6574530 '_BuildScript_$_run_closure1'
Event: 52.130 Thread 0x000001afa44b4af0 Unloading class 0x000001afa6574000 '_BuildScript_'

Classes redefined (0 events):
No events

Internal exceptions (20 events):
Event: 248.009 Thread 0x000001affcfb18e0 Exception <a 'java/net/SocketException'{0x000000073019d5b0}: Socket is not connected: shutdown> (0x000000073019d5b0) 
thrown [s\src\hotspot\share\prims\jni.cpp, line 535]
Event: 248.021 Thread 0x000001affcfb18e0 Exception <a 'java/net/ConnectException'{0x000000073019e088}: Connection refused: connect> (0x000000073019e088) 
thrown [s\src\hotspot\share\prims\jni.cpp, line 535]
Event: 248.021 Thread 0x000001affcfb18e0 Exception <a 'java/net/SocketException'{0x000000073019e668}: Socket is not connected: shutdown> (0x000000073019e668) 
thrown [s\src\hotspot\share\prims\jni.cpp, line 535]
Event: 248.315 Thread 0x000001afa495e6b0 Exception <a 'java/lang/NoSuchMethodError'{0x000000072fa255a0}: static [Ljava/lang/StackTraceElement;.<clinit>()V> (0x000000072fa255a0) 
thrown [s\src\hotspot\share\prims\jni.cpp, line 1112]
Event: 250.106 Thread 0x000001affccd65d0 Implicit null exception at 0x000001af9181a9f4 to 0x000001af9181cb8c
Event: 314.373 Thread 0x000001afef95dbb0 Exception <a 'sun/nio/fs/WindowsException'{0x000000073139da38}> (0x000000073139da38) 
thrown [s\src\hotspot\share\prims\jni.cpp, line 516]
Event: 314.377 Thread 0x000001afef95dbb0 Exception <a 'sun/nio/fs/WindowsException'{0x00000007313a0340}> (0x00000007313a0340) 
thrown [s\src\hotspot\share\prims\jni.cpp, line 516]
Event: 314.377 Thread 0x000001afef95dbb0 Exception <a 'sun/nio/fs/WindowsException'{0x00000007313a2ac8}> (0x00000007313a2ac8) 
thrown [s\src\hotspot\share\prims\jni.cpp, line 516]
Event: 314.377 Thread 0x000001afef95dbb0 Exception <a 'sun/nio/fs/WindowsException'{0x00000007313a4ec8}> (0x00000007313a4ec8) 
thrown [s\src\hotspot\share\prims\jni.cpp, line 516]
Event: 314.510 Thread 0x000001affc4c8f40 Exception <a 'sun/nio/fs/WindowsException'{0x00000007308c7908}> (0x00000007308c7908) 
thrown [s\src\hotspot\share\prims\jni.cpp, line 516]
Event: 314.511 Thread 0x000001affc4c8f40 Exception <a 'sun/nio/fs/WindowsException'{0x00000007308c9db0}> (0x00000007308c9db0) 
thrown [s\src\hotspot\share\prims\jni.cpp, line 516]
Event: 314.512 Thread 0x000001affc4c8f40 Exception <a 'sun/nio/fs/WindowsException'{0x00000007308cbda0}> (0x00000007308cbda0) 
thrown [s\src\hotspot\share\prims\jni.cpp, line 516]
Event: 314.532 Thread 0x000001afef95dbb0 Exception <a 'sun/nio/fs/WindowsException'{0x00000007313c5f40}> (0x00000007313c5f40) 
thrown [s\src\hotspot\share\prims\jni.cpp, line 516]
Event: 323.026 Thread 0x000001affccd7a10 Exception <a 'java/net/ConnectException'{0x000000073f675cf0}: Connection refused: connect> (0x000000073f675cf0) 
thrown [s\src\hotspot\share\prims\jni.cpp, line 535]
Event: 323.028 Thread 0x000001affccd7a10 Exception <a 'java/net/SocketException'{0x000000073f676028}: Socket is not connected: shutdown> (0x000000073f676028) 
thrown [s\src\hotspot\share\prims\jni.cpp, line 535]
Event: 323.041 Thread 0x000001affccd7a10 Exception <a 'java/net/ConnectException'{0x000000073f676858}: Connection refused: connect> (0x000000073f676858) 
thrown [s\src\hotspot\share\prims\jni.cpp, line 535]
Event: 323.041 Thread 0x000001affccd7a10 Exception <a 'java/net/SocketException'{0x000000073f676b90}: Socket is not connected: shutdown> (0x000000073f676b90) 
thrown [s\src\hotspot\share\prims\jni.cpp, line 535]
Event: 323.058 Thread 0x000001affccd7a10 Exception <a 'java/net/ConnectException'{0x000000073f6773c0}: Connection refused: connect> (0x000000073f6773c0) 
thrown [s\src\hotspot\share\prims\jni.cpp, line 535]
Event: 323.058 Thread 0x000001affccd7a10 Exception <a 'java/net/SocketException'{0x000000073f6776f8}: Socket is not connected: shutdown> (0x000000073f6776f8) 
thrown [s\src\hotspot\share\prims\jni.cpp, line 535]
Event: 361.131 Thread 0x000001affc92c570 Implicit null exception at 0x000001af919ada5c to 0x000001af919adaec

VM Operations (20 events):
Event: 356.331 Executing VM operation: Cleanup done
Event: 358.330 Executing VM operation: Cleanup
Event: 358.330 Executing VM operation: Cleanup done
Event: 360.332 Executing VM operation: Cleanup
Event: 360.332 Executing VM operation: Cleanup done
Event: 360.756 Executing VM operation: HandshakeAllThreads
Event: 360.757 Executing VM operation: HandshakeAllThreads done
Event: 361.757 Executing VM operation: Cleanup
Event: 361.757 Executing VM operation: Cleanup done
Event: 362.259 Executing VM operation: G1CollectForAllocation
Event: 362.591 Executing VM operation: G1CollectForAllocation done
Event: 363.079 Executing VM operation: G1CollectForAllocation
Event: 363.171 Executing VM operation: G1CollectForAllocation done
Event: 365.173 Executing VM operation: Cleanup
Event: 365.173 Executing VM operation: Cleanup done
Event: 366.788 Executing VM operation: G1CollectForAllocation
Event: 366.976 Executing VM operation: G1CollectForAllocation done
Event: 367.976 Executing VM operation: Cleanup
Event: 367.977 Executing VM operation: Cleanup done
Event: 368.329 Executing VM operation: G1CollectForAllocation

Memory protections (0 events):
No events

Nmethod flushes (20 events):
Event: 357.171 Thread 0x000001afa44e5ab0 flushing  nmethod 0x000001af8a764c10
Event: 357.172 Thread 0x000001afa44e5ab0 flushing  nmethod 0x000001af8a769d10
Event: 357.174 Thread 0x000001afa44e5ab0 flushing  nmethod 0x000001af8a7b6b10
Event: 357.184 Thread 0x000001afa44e5ab0 flushing  nmethod 0x000001af8a83e490
Event: 357.185 Thread 0x000001afa44e5ab0 flushing  nmethod 0x000001af8a845a90
Event: 357.198 Thread 0x000001afa44e5ab0 flushing  nmethod 0x000001af8a8f8310
Event: 357.198 Thread 0x000001afa44e5ab0 flushing  nmethod 0x000001af8a8f8e10
Event: 357.209 Thread 0x000001afa44e5ab0 flushing  nmethod 0x000001af8a9c7a90
Event: 357.209 Thread 0x000001afa44e5ab0 flushing  nmethod 0x000001af8a9c7e90
Event: 357.226 Thread 0x000001afa44e5ab0 flushing  nmethod 0x000001af8aaa8e10
Event: 357.267 Thread 0x000001afa44e5ab0 flushing  nmethod 0x000001af8ac8db90
Event: 357.267 Thread 0x000001afa44e5ab0 flushing  nmethod 0x000001af8ac93890
Event: 357.304 Thread 0x000001afa44e5ab0 flushing  nmethod 0x000001af8af0e410
Event: 357.331 Thread 0x000001afa44e5ab0 flushing  nmethod 0x000001af8b0fd910
Event: 357.370 Thread 0x000001afa44e5ab0 flushing  nmethod 0x000001af8b34e190
Event: 357.371 Thread 0x000001afa44e5ab0 flushing  nmethod 0x000001af8b362090
Event: 357.372 Thread 0x000001afa44e5ab0 flushing  nmethod 0x000001af8b395a90
Event: 357.423 Thread 0x000001afa44e5ab0 flushing  nmethod 0x000001af8b7d2190
Event: 357.423 Thread 0x000001afa44e5ab0 flushing  nmethod 0x000001af8b7d2d90
Event: 357.424 Thread 0x000001afa44e5ab0 flushing  nmethod 0x000001af8b808390

Events (20 events):
Event: 118.970 Thread 0x000001afef95dbb0 Thread added: 0x000001afee2a3ea0
Event: 120.243 Thread 0x000001afef95dbb0 Thread added: 0x000001afee16a3d0
Event: 120.244 Thread 0x000001afef95dbb0 Thread added: 0x000001affc92c570
Event: 120.244 Thread 0x000001afef95dbb0 Thread added: 0x000001afef95eff0
Event: 121.088 Thread 0x000001afef95dbb0 Thread added: 0x000001afed8a1a80
Event: 121.088 Thread 0x000001afef95dbb0 Thread added: 0x000001afed863a80
Event: 121.403 Thread 0x000001afef95dbb0 Thread added: 0x000001affccd7500
Event: 121.403 Thread 0x000001afef95dbb0 Thread added: 0x000001affccd60c0
Event: 201.107 Thread 0x000001afef95dbb0 Thread added: 0x000001affcfb18e0
Event: 201.591 Thread 0x000001affcfb18e0 Thread added: 0x000001afef95e0c0
Event: 203.153 Thread 0x000001afef95e0c0 Thread exited: 0x000001afef95e0c0
Event: 203.268 Thread 0x000001affcfb18e0 Thread added: 0x000001affccd5190
Event: 203.280 Thread 0x000001affcfb18e0 Thread added: 0x000001affccd7a10
Event: 203.284 Thread 0x000001affcfb18e0 Thread added: 0x000001affccd6ae0
Event: 203.386 Thread 0x000001affcfb18e0 Thread added: 0x000001affccd56a0
Event: 203.386 Thread 0x000001affcfb18e0 Thread added: 0x000001affccd5bb0
Event: 203.458 Thread 0x000001affccd56a0 Thread added: 0x000001affcfb0ec0
Event: 248.530 Thread 0x000001affcfb18e0 Thread added: 0x000001affccd65d0
Event: 278.619 Thread 0x000001affcfb0ec0 Thread exited: 0x000001affcfb0ec0
Event: 311.920 Thread 0x000001affccd65d0 Thread exited: 0x000001affccd65d0


Dynamic libraries:
0x00007ff6a05e0000 - 0x00007ff6a05ee000 	C:\dev\maxima\.toolchain\jdk17\jdk-17.0.20.1+1\bin\java.exe
0x00007ffc996f0000 - 0x00007ffc998e8000 	C:\Windows\SYSTEM32\ntdll.dll
0x00007ffc986a0000 - 0x00007ffc98762000 	C:\Windows\System32\KERNEL32.DLL
0x00007ffc97140000 - 0x00007ffc97436000 	C:\Windows\System32\KERNELBASE.dll
0x00007ffc97440000 - 0x00007ffc97540000 	C:\Windows\System32\ucrtbase.dll
0x00007ffc6c640000 - 0x00007ffc6c658000 	C:\dev\maxima\.toolchain\jdk17\jdk-17.0.20.1+1\bin\jli.dll
0x00007ffc69ba0000 - 0x00007ffc69bbe000 	C:\dev\maxima\.toolchain\jdk17\jdk-17.0.20.1+1\bin\VCRUNTIME140.dll
0x00007ffc98f40000 - 0x00007ffc990e1000 	C:\Windows\System32\USER32.dll
0x00007ffc97080000 - 0x00007ffc970a2000 	C:\Windows\System32\win32u.dll
0x00007ffc983f0000 - 0x00007ffc9841b000 	C:\Windows\System32\GDI32.dll
0x00007ffc96d80000 - 0x00007ffc96e99000 	C:\Windows\System32\gdi32full.dll
0x00007ffc7c6a0000 - 0x00007ffc7c93b000 	C:\Windows\WinSxS\amd64_microsoft.windows.common-controls_6595b64144ccf1df_6.0.19041.6456_none_60b8a6cb71f64256\COMCTL32.dll
0x00007ffc97640000 - 0x00007ffc976dd000 	C:\Windows\System32\msvcp_win.dll
0x00007ffc97f40000 - 0x00007ffc97fde000 	C:\Windows\System32\msvcrt.dll
0x00007ffc983c0000 - 0x00007ffc983ef000 	C:\Windows\System32\IMM32.DLL
0x00007ffc7d1e0000 - 0x00007ffc7d1ec000 	C:\dev\maxima\.toolchain\jdk17\jdk-17.0.20.1+1\bin\vcruntime140_1.dll
0x00007ffc3e880000 - 0x00007ffc3e90d000 	C:\dev\maxima\.toolchain\jdk17\jdk-17.0.20.1+1\bin\msvcp140.dll
0x00007ffba0360000 - 0x00007ffba0fcc000 	C:\dev\maxima\.toolchain\jdk17\jdk-17.0.20.1+1\bin\server\jvm.dll
0x00007ffc97c80000 - 0x00007ffc97d31000 	C:\Windows\System32\ADVAPI32.dll
0x00007ffc97880000 - 0x00007ffc9791f000 	C:\Windows\System32\sechost.dll
0x00007ffc979b0000 - 0x00007ffc97ad0000 	C:\Windows\System32\RPCRT4.dll
0x00007ffc976e0000 - 0x00007ffc97707000 	C:\Windows\System32\bcrypt.dll
0x00007ffc98350000 - 0x00007ffc983bb000 	C:\Windows\System32\WS2_32.dll
0x00007ffc962d0000 - 0x00007ffc9631b000 	C:\Windows\SYSTEM32\POWRPROF.dll
0x00007ffc875a0000 - 0x00007ffc875c7000 	C:\Windows\SYSTEM32\WINMM.dll
0x00007ffc89620000 - 0x00007ffc8962a000 	C:\Windows\SYSTEM32\VERSION.dll
0x00007ffc96180000 - 0x00007ffc96192000 	C:\Windows\SYSTEM32\UMPDC.dll
0x00007ffc95590000 - 0x00007ffc955a2000 	C:\Windows\SYSTEM32\kernel.appcore.dll
0x00007ffc7ca20000 - 0x00007ffc7ca2a000 	C:\dev\maxima\.toolchain\jdk17\jdk-17.0.20.1+1\bin\jimage.dll
0x00007ffc94940000 - 0x00007ffc94b41000 	C:\Windows\SYSTEM32\DBGHELP.DLL
0x00007ffc62750000 - 0x00007ffc62784000 	C:\Windows\SYSTEM32\dbgcore.DLL
0x00007ffc970b0000 - 0x00007ffc97132000 	C:\Windows\System32\bcryptPrimitives.dll
0x00007ffc7c050000 - 0x00007ffc7c05e000 	C:\dev\maxima\.toolchain\jdk17\jdk-17.0.20.1+1\bin\instrument.dll
0x00007ffc586f0000 - 0x00007ffc58715000 	C:\dev\maxima\.toolchain\jdk17\jdk-17.0.20.1+1\bin\java.dll
0x00007ffc17260000 - 0x00007ffc17337000 	C:\dev\maxima\.toolchain\jdk17\jdk-17.0.20.1+1\bin\jsvml.dll
0x00007ffc987d0000 - 0x00007ffc98f40000 	C:\Windows\System32\SHELL32.dll
0x00007ffc94dd0000 - 0x00007ffc95575000 	C:\Windows\SYSTEM32\windows.storage.dll
0x00007ffc97ff0000 - 0x00007ffc98344000 	C:\Windows\System32\combase.dll
0x00007ffc967b0000 - 0x00007ffc967db000 	C:\Windows\SYSTEM32\Wldp.dll
0x00007ffc985d0000 - 0x00007ffc9869d000 	C:\Windows\System32\OLEAUT32.dll
0x00007ffc977d0000 - 0x00007ffc9787d000 	C:\Windows\System32\SHCORE.dll
0x00007ffc98480000 - 0x00007ffc984db000 	C:\Windows\System32\shlwapi.dll
0x00007ffc96cb0000 - 0x00007ffc96cd4000 	C:\Windows\SYSTEM32\profapi.dll
0x00007ffc69b80000 - 0x00007ffc69b98000 	C:\dev\maxima\.toolchain\jdk17\jdk-17.0.20.1+1\bin\zip.dll
0x00007ffc69b30000 - 0x00007ffc69b4a000 	C:\dev\maxima\.toolchain\jdk17\jdk-17.0.20.1+1\bin\net.dll
0x00007ffc91350000 - 0x00007ffc9145a000 	C:\Windows\SYSTEM32\WINHTTP.dll
0x00007ffc96510000 - 0x00007ffc9657a000 	C:\Windows\system32\mswsock.dll
0x00007ffc61870000 - 0x00007ffc61886000 	C:\dev\maxima\.toolchain\jdk17\jdk-17.0.20.1+1\bin\nio.dll
0x00007ffc72940000 - 0x00007ffc72950000 	C:\dev\maxima\.toolchain\jdk17\jdk-17.0.20.1+1\bin\verify.dll
0x00007ffc56d80000 - 0x00007ffc56da7000 	C:\Users\eveli\.gradle\native\c067742578af261105cb4f569cf0c3c89f3d7b1fecec35dd04571415982c5e48\windows-amd64\native-platform.dll
0x00007ffc05c60000 - 0x00007ffc05da4000 	C:\Users\eveli\.gradle\native\100fb08df4bc3b14c8652ba06237920a3bd2aa13389f12d3474272988ae205f9\windows-amd64\native-platform-file-events.dll
0x00007ffc72720000 - 0x00007ffc7272a000 	C:\dev\maxima\.toolchain\jdk17\jdk-17.0.20.1+1\bin\management.dll
0x00007ffc70d80000 - 0x00007ffc70d8c000 	C:\dev\maxima\.toolchain\jdk17\jdk-17.0.20.1+1\bin\management_ext.dll
0x00007ffc97fe0000 - 0x00007ffc97fe8000 	C:\Windows\System32\PSAPI.DLL
0x00007ffc96700000 - 0x00007ffc96718000 	C:\Windows\SYSTEM32\CRYPTSP.dll
0x00007ffc95dc0000 - 0x00007ffc95df8000 	C:\Windows\system32\rsaenh.dll
0x00007ffc96c70000 - 0x00007ffc96c9e000 	C:\Windows\SYSTEM32\USERENV.dll
0x00007ffc96720000 - 0x00007ffc9672c000 	C:\Windows\SYSTEM32\CRYPTBASE.dll
0x00007ffc961a0000 - 0x00007ffc961db000 	C:\Windows\SYSTEM32\IPHLPAPI.DLL
0x00007ffc985c0000 - 0x00007ffc985c8000 	C:\Windows\System32\NSI.dll
0x00007ffc89fb0000 - 0x00007ffc89fc7000 	C:\Windows\SYSTEM32\dhcpcsvc6.DLL
0x00007ffc89f90000 - 0x00007ffc89fad000 	C:\Windows\SYSTEM32\dhcpcsvc.DLL
0x00007ffc961e0000 - 0x00007ffc962aa000 	C:\Windows\SYSTEM32\DNSAPI.dll
0x00007ffc6c720000 - 0x00007ffc6c729000 	C:\dev\maxima\.toolchain\jdk17\jdk-17.0.20.1+1\bin\extnet.dll
0x00007ffc6c5a0000 - 0x00007ffc6c5ae000 	C:\dev\maxima\.toolchain\jdk17\jdk-17.0.20.1+1\bin\sunmscapi.dll
0x00007ffc96f20000 - 0x00007ffc9707d000 	C:\Windows\System32\CRYPT32.dll
0x00007ffc96820000 - 0x00007ffc96847000 	C:\Windows\SYSTEM32\ncrypt.dll
0x00007ffc967e0000 - 0x00007ffc9681b000 	C:\Windows\SYSTEM32\NTASN1.dll
0x00007ffc6deb0000 - 0x00007ffc6deb7000 	C:\Windows\system32\wshunix.dll
0x00007ffc89f50000 - 0x00007ffc89f5a000 	C:\Windows\System32\rasadhlp.dll
0x00007ffc815a0000 - 0x00007ffc81620000 	C:\Windows\System32\fwpuclnt.dll
0x00007ffc6b2e0000 - 0x00007ffc6b2e7000 	C:\dev\maxima\.toolchain\jdk17\jdk-17.0.20.1+1\bin\rmi.dll

dbghelp: loaded successfully - version: 4.0.5 - missing functions: none
symbol engine: initialized successfully - sym options: 0x614 - pdb path: .;C:\dev\maxima\.toolchain\jdk17\jdk-17.0.20.1+1\bin;C:\Windows\SYSTEM32;C:\Windows\WinSxS\amd64_microsoft.windows.common-controls_6595b64144ccf1df_6.0.19041.6456_none_60b8a6cb71f64256;C:\dev\maxima\.toolchain\jdk17\jdk-17.0.20.1+1\bin\server;C:\Users\eveli\.gradle\native\c067742578af261105cb4f569cf0c3c89f3d7b1fecec35dd04571415982c5e48\windows-amd64;C:\Users\eveli\.gradle\native\100fb08df4bc3b14c8652ba06237920a3bd2aa13389f12d3474272988ae205f9\windows-amd64

VM Arguments:
jvm_args: -XX:MaxMetaspaceSize=2g -XX:+HeapDumpOnOutOfMemoryError --add-opens=java.base/java.util=ALL-UNNAMED --add-opens=java.base/java.lang=ALL-UNNAMED --add-opens=java.base/java.lang.invoke=ALL-UNNAMED --add-opens=java.prefs/java.util.prefs=ALL-UNNAMED --add-exports=jdk.compiler/com.sun.tools.javac.api=ALL-UNNAMED --add-exports=jdk.compiler/com.sun.tools.javac.util=ALL-UNNAMED --add-opens=java.base/java.nio.charset=ALL-UNNAMED --add-opens=java.base/java.net=ALL-UNNAMED --add-opens=java.base/java.util.concurrent.atomic=ALL-UNNAMED -Xmx4g -Dfile.encoding=windows-1253 -Duser.country=GR -Duser.language=el -Duser.variant -javaagent:C:\dev\maxima\.toolchain\gradle\gradle-8.10.2\lib\agents\gradle-instrumentation-agent-8.10.2.jar 
java_command: org.gradle.launcher.daemon.bootstrap.GradleDaemon 8.10.2
java_class_path (initial): C:\dev\maxima\.toolchain\gradle\gradle-8.10.2\lib\gradle-daemon-main-8.10.2.jar
Launcher Type: SUN_STANDARD

[Global flags]
     intx CICompilerCount                          = 3                                         {product} {ergonomic}
     uint ConcGCThreads                            = 1                                         {product} {ergonomic}
     uint G1ConcRefinementThreads                  = 4                                         {product} {ergonomic}
   size_t G1HeapRegionSize                         = 2097152                                   {product} {ergonomic}
    uintx GCDrainStackTargetSize                   = 64                                        {product} {ergonomic}
     bool HeapDumpOnOutOfMemoryError               = true                                   {manageable} {command line}
   size_t InitialHeapSize                          = 62914560                                  {product} {ergonomic}
   size_t MarkStackSize                            = 4194304                                   {product} {ergonomic}
   size_t MaxHeapSize                              = 4294967296                                {product} {command line}
   size_t MaxMetaspaceSize                         = 2147483648                                {product} {command line}
   size_t MaxNewSize                               = 2575302656                                {product} {ergonomic}
   size_t MinHeapDeltaBytes                        = 2097152                                   {product} {ergonomic}
   size_t MinHeapSize                              = 8388608                                   {product} {ergonomic}
    uintx NonNMethodCodeHeapSize                   = 5832780                                {pd product} {ergonomic}
    uintx NonProfiledCodeHeapSize                  = 122912730                              {pd product} {ergonomic}
    uintx ProfiledCodeHeapSize                     = 122912730                              {pd product} {ergonomic}
    uintx ReservedCodeCacheSize                    = 251658240                              {pd product} {ergonomic}
     bool SegmentedCodeCache                       = true                                      {product} {ergonomic}
   size_t SoftMaxHeapSize                          = 4294967296                             {manageable} {ergonomic}
     bool UseCompressedClassPointers               = true                           {product lp64_product} {ergonomic}
     bool UseCompressedOops                        = true                           {product lp64_product} {ergonomic}
     bool UseG1GC                                  = true                                      {product} {ergonomic}
     bool UseLargePagesIndividualAllocation        = false                                  {pd product} {ergonomic}

Logging:
Log output configuration:
 #0: stdout all=warning uptime,level,tags
 #1: stderr all=off uptime,level,tags

Environment Variables:
JAVA_HOME=C:\dev\maxima\.toolchain\jdk17\jdk-17.0.20.1+1
CLASSPATH=C:\dev\maxima\.toolchain\gradle\gradle-8.10.2\lib\gradle-gradle-cli-main-8.10.2.jar
PATH=C:\dev\maxima\.toolchain\jdk17\jdk-17.0.20.1+1\bin;C:\dev\maxima\.toolchain\android-sdk\cmdline-tools\latest\bin;C:\dev\maxima\.toolchain\android-sdk\platform-tools;C:\dev\maxima\.toolchain\gradle\gradle-8.10.2\bin;C:\dev\maxima\.toolchain\mingit\cmd;C:\dev\maxima\.toolchain\flutter-sdk\flutter\bin;C:\Program Files (x86)\Common Files\Oracle\Java\javapath;C:\Windows\system32;C:\Windows;C:\Windows\System32\Wbem;C:\Windows\System32\WindowsPowerShell\v1.0\;C:\Windows\System32\OpenSSH\;C:\Program Files\dotnet\;C:\Users\eveli\AppData\Local\Microsoft\WindowsApps;C:\Users\eveli\AppData\Local\Programs\Devin\bin
USERNAME=eveli
OS=Windows_NT
PROCESSOR_IDENTIFIER=Intel64 Family 6 Model 140 Stepping 1, GenuineIntel
TMP=C:\Users\eveli\AppData\Local\Temp
TEMP=C:\Users\eveli\AppData\Local\Temp



Periodic native trim disabled


---------------  S Y S T E M  ---------------

OS:
 Windows 10 , 64 bit Build 19041 (10.0.19041.5915)
OS uptime: 0 days 3:12 hours

CPU: total 4 (initial active 4) (2 cores per cpu, 2 threads per core) family 6 model 140 stepping 1 microcode 0xbe, cx8, cmov, fxsr, ht, mmx, 3dnowpref, sse, sse2, sse3, ssse3, sse4.1, sse4.2, popcnt, lzcnt, tsc, tscinvbit, avx, avx2, aes, erms, clmul, bmi1, bmi2, adx, avx512f, avx512dq, avx512cd, avx512bw, avx512vl, sha, fma, vzeroupper, avx512_vpopcntdq, avx512_vpclmulqdq, avx512_vaes, avx512_vnni, clflush, clflushopt, clwb, avx512_vbmi2, avx512_vbmi
Processor Information for all 4 processors :
  Max Mhz: 2995, Current Mhz: 2995, Mhz Limit: 2995

Memory: 4k page, system-wide physical 3818M (185M free)
TotalPageFile size 15594M (AvailPageFile size 8M)
current process WorkingSet (physical memory assigned to process): 263M, peak: 627M
current process commit charge ("private bytes"): 2081M, peak: 2090M

vm_info: OpenJDK 64-Bit Server VM (17.0.20.1+1) for windows-amd64 JRE (17.0.20.1+1), built on Aug 18 2026 20:44:09 by "admin" with MS VC++ 17.12 (VS2022)

END.
